Symbol,Date,Signal,Close
MNBBL,2025-12-22,Sell,344.0
SAPDBL,2025-12-22,Sell,805.0
MDB,2025-12-22,Sell,563.5
SINDU,2025-12-22,Sell,707.2
MBL,2025-12-22,Sell,215.0
NHDL,2025-12-22,Sell,674.0
SPDL,2025-12-22,Buy,416.8
HPPL,2025-12-22,Buy,481.8
LEC,2025-12-22,Buy,195.0
AKJCL,2025-12-22,Sell,184.0
GBIME,2025-12-22,Sell,224.5
MLBL,2025-12-22,Sell,359.0
TRH,2025-12-22,Sell,699.0
BPCL,2025-12-22,Sell,710.0
CGH,2025-12-22,Sell,882.2
CHCL,2025-12-21,Sell,490.9
JBBL,2025-12-21,Sell,316.1
GUFL,2025-12-21,Sell,495.0
UMHL,2025-12-21,Sell,567.0
GBBL,2025-12-21,Sell,376.7
NLIC,2025-12-21,Sell,817.5
SHPC,2025-12-21,Sell,523.9
SHL,2025-12-21,Sell,486.0
LICN,2025-12-21,Sell,890.7
AKPL,2025-12-21,Sell,241.0
KBL,2025-12-21,Sell,178.4
SBI,2025-12-21,Sell,389.0
LEC,2025-12-21,Sell,194.0
GRDBL,2025-12-21,Sell,1102.0
AKJCL,2025-12-21,Buy,186.9
SANIMA,2025-12-21,Sell,309.0
MHNL,2025-12-18,Sell,246.7
AHPC,2025-12-18,Sell,278.6
NICA,2025-12-18,Sell,317.0
GRDBL,2025-12-18,Buy,1180.0
NLICL,2025-12-18,Sell,607.0
GFCL,2025-12-18,Sell,581.2
GMFIL,2025-12-18,Sell,465.0
SINDU,2025-12-18,Buy,798.0
PROFL,2025-12-18,Sell,454.0
KPCL,2025-12-18,Sell,543.3
KSBBL,2025-12-18,Sell,430.0
SAPDBL,2025-12-18,Buy,850.0
LEC,2025-12-18,Buy,195.0
RADHI,2025-12-18,Buy,748.0
ALICL,2025-12-18,Sell,464.8
PFL,2025-12-18,Sell,371.0
MBL,2025-12-18,Buy,218.6
PROFL,2025-12-17,Buy,465.0
SPC,2025-12-17,Buy,506.0
SANIMA,2025-12-17,Buy,313.0
ALICL,2025-12-17,Buy,469.5
NLIC,2025-12-17,Buy,835.0
PFL,2025-12-17,Buy,377.0
GUFL,2025-12-17,Buy,508.9
BPCL,2025-12-17,Buy,719.3
GBBL,2025-12-17,Buy,382.0
AHPC,2025-12-17,Buy,281.5
UNHPL,2025-12-17,Buy,504.9
KPCL,2025-12-17,Buy,550.0
UMHL,2025-12-17,Buy,569.9
MDB,2025-12-17,Buy,577.0
SHPC,2025-12-16,Buy,529.6
LBBL,2025-12-16,Buy,471.9
NLICL,2025-12-16,Buy,615.9
GFCL,2025-12-16,Buy,592.5
AKPL,2025-12-16,Buy,245.0
SHL,2025-12-16,Buy,495.0
NMB,2025-12-16,Buy,252.1
JBBL,2025-12-16,Buy,326.0
KSBBL,2025-12-16,Buy,433.2
CGH,2025-12-16,Buy,905.0
CHCL,2025-12-16,Buy,495.0
MLBL,2025-12-16,Buy,384.9
API,2025-12-16,Buy,288.4
MBL,2025-12-16,Sell,215.1
MNBBL,2025-12-16,Buy,351.6
KBL,2025-12-16,Buy,183.0
TRH,2025-12-16,Buy,709.0
MPFL,2025-12-16,Buy,563.0
GBIME,2025-12-15,Buy,226.7
PCBL,2025-12-15,Buy,249.0
UMHL,2025-12-15,Sell,567.0
NICA,2025-12-15,Buy,328.0
MBL,2025-12-15,Buy,218.0
MHNL,2025-12-15,Buy,249.9
NHDL,2025-12-15,Buy,704.9
EBL,2025-12-14,Buy,645.1
SJCL,2025-12-14,Sell,288.0
CGH,2025-12-14,Sell,871.1
SINDU,2025-12-14,Sell,715.0
UPCL,2025-12-14,Sell,366.5
NGPL,2025-12-14,Sell,394.2
RHPL,2025-12-14,Sell,273.1
SIFC,2025-12-14,Sell,490.0
SBI,2025-12-14,Buy,401.0
BFC,2025-12-11,Sell,468.0
GRDBL,2025-12-11,Sell,1139.0
NHDL,2025-12-11,Sell,691.0
CORBL,2025-12-11,Sell,1673.0
UMRH,2025-12-11,Sell,563.0
LEC,2025-12-11,Sell,194.1
MPFL,2025-12-10,Sell,547.5
PPCL,2025-12-10,Buy,340.0
RLFL,2025-12-10,Sell,428.0
SPC,2025-12-10,Sell,485.0
SHPC,2025-12-10,Sell,523.2
NHDL,2025-12-10,Buy,699.0
GFCL,2025-12-10,Sell,580.0
UMRH,2025-12-10,Buy,570.0
CORBL,2025-12-09,Buy,1732.9
NMB,2025-12-09,Sell,247.3
CGH,2025-12-09,Buy,885.0
UMRH,2025-12-08,Sell,562.5
SFCL,2025-12-08,Sell,393.4
SANIMA,2025-12-08,Sell,310.0
LEC,2025-12-08,Buy,197.0
CFCL,2025-12-08,Sell,482.2
SADBL,2025-12-08,Sell,405.8
CGH,2025-12-08,Sell,870.0
PROFL,2025-12-08,Sell,460.0
MBL,2025-12-08,Sell,215.7
UPCL,2025-12-08,Buy,374.4
SBI,2025-12-08,Sell,394.8
CZBIL,2025-12-08,Sell,192.9
LICN,2025-12-08,Buy,913.1
TPC,2025-12-08,Buy,349.0
CHDC,2025-12-07,Sell,2299.0
API,2025-12-07,Sell,285.1
KPCL,2025-12-07,Sell,548.1
DHPL,2025-12-07,Sell,297.0
NHDL,2025-12-07,Sell,690.3
NABIL,2025-12-07,Sell,503.0
HDHPC,2025-12-07,Sell,179.5
GUFL,2025-12-07,Sell,506.1
MDB,2025-12-07,Sell,564.0
JBBL,2025-12-07,Sell,320.0
ICFC,2025-12-07,Sell,630.0
NICA,2025-12-07,Sell,315.8
KBL,2025-12-03,Sell,180.0
HBL,2025-12-03,Sell,190.6
SFCL,2025-12-03,Buy,402.0
SCB,2025-12-03,Sell,631.0
GUFL,2025-12-03,Buy,515.0
HIDCL,2025-12-03,Sell,269.0
NBL,2025-12-03,Sell,240.3
HPPL,2025-12-03,Sell,478.2
KSBBL,2025-12-03,Sell,433.1
CHL,2025-12-03,Sell,266.9
NLIC,2025-12-03,Sell,829.0
MEN,2025-12-03,Sell,554.5
CHCL,2025-12-03,Sell,490.0
GBIME,2025-12-03,Sell,225.0
OHL,2025-12-03,Sell,702.0
MDB,2025-12-03,Buy,578.0
PROFL,2025-12-03,Buy,474.5
LICN,2025-12-03,Sell,891.1
RLFL,2025-12-03,Buy,441.0
SHEL,2025-12-03,Sell,289.0
UPPER,2025-12-03,Sell,178.4
TPC,2025-12-03,Sell,340.0
TRH,2025-12-03,Sell,704.0
AHPC,2025-12-03,Sell,281.5
ALICL,2025-12-03,Sell,465.0
PRVU,2025-12-02,Sell,189.0
BFC,2025-12-02,Buy,475.3
NLICL,2025-12-02,Sell,612.5
AKPL,2025-12-02,Sell,243.0
AKJCL,2025-12-02,Sell,188.3
SJCL,2025-12-02,Buy,300.0
KPCL,2025-12-02,Buy,561.0
GBBL,2025-12-02,Sell,381.0
MLBL,2025-12-02,Sell,383.9
PCBL,2025-12-02,Sell,248.4
NHPC,2025-12-02,Sell,191.9
PMHPL,2025-12-02,Sell,338.0
EBL,2025-12-02,Sell,643.0
CGH,2025-12-02,Buy,879.8
SHEL,2025-12-02,Buy,292.9
SJCL,2025-12-01,Sell,287.0
MNBBL,2025-12-01,Sell,353.2
MKJC,2025-12-01,Sell,540.0
HPPL,2025-12-01,Buy,489.0
HURJA,2025-12-01,Sell,227.1
NIFRA,2025-12-01,Sell,272.5
UPCL,2025-12-01,Sell,366.5
GMFIL,2025-12-01,Buy,470.0
MDB,2025-12-01,Sell,562.0
GLH,2025-12-01,Sell,257.5
NYADI,2025-12-01,Sell,395.2
PPCL,2025-12-01,Sell,332.8
CGH,2025-12-01,Sell,868.3
LEC,2025-12-01,Sell,193.3
GHL,2025-12-01,Sell,215.0
SHEL,2025-12-01,Sell,290.1
EDBL,2025-11-30,Sell,587.0
PFL,2025-11-30,Sell,379.0
KKHC,2025-11-30,Sell,248.0
MHNL,2025-11-30,Sell,252.8
BARUN,2025-11-30,Sell,333.9
SPDL,2025-11-30,Sell,418.0
SSHL,2025-11-30,Sell,166.0
SAPDBL,2025-11-30,Sell,809.5
ADBL,2025-11-30,Sell,307.0
JOSHI,2025-11-30,Sell,319.0
PROFL,2025-11-30,Sell,460.0
GUFL,2025-11-30,Sell,507.0
RLFL,2025-11-30,Sell,424.0
BPCL,2025-11-30,Sell,720.4
GMFIL,2025-11-30,Sell,450.8
SHINE,2025-11-30,Sell,400.0
MKJC,2025-11-27,Buy,552.0
RADHI,2025-11-27,Sell,744.9
KPCL,2025-11-27,Sell,553.0
SFCL,2025-11-27,Sell,396.0
BFC,2025-11-27,Sell,472.9
JFL,2025-11-27,Sell,427.0
LBBL,2025-11-27,Sell,457.0
NRN,2025-11-26,Sell,1935.1
SFCL,2025-11-26,Buy,400.0
CZBIL,2025-11-25,Buy,194.9
KPCL,2025-11-25,Buy,560.0
JFL,2025-11-25,Buy,435.0
TRH,2025-11-25,Buy,718.0
OHL,2025-11-25,Buy,700.9
NRN,2025-11-25,Buy,1978.0
GBIME,2025-11-25,Buy,228.8
GMFIL,2025-11-25,Buy,453.9
PFL,2025-11-24,Buy,388.0
ALICL,2025-11-24,Buy,493.8
EDBL,2025-11-24,Buy,600.2
BFC,2025-11-24,Buy,477.5
CFCL,2025-11-24,Buy,485.1
KBL,2025-11-24,Buy,185.5
SBL,2025-11-24,Buy,339.6
SBI,2025-11-24,Buy,395.9
GBBL,2025-11-24,Buy,388.6
NICA,2025-11-24,Buy,316.9
MNBBL,2025-11-24,Buy,358.5
PROFL,2025-11-24,Buy,474.5
NBL,2025-11-24,Buy,245.0
PRVU,2025-11-24,Buy,192.6
SANIMA,2025-11-24,Buy,308.5
GUFL,2025-11-24,Buy,517.5
RHPL,2025-11-24,Buy,269.8
RLFL,2025-11-24,Buy,442.0
CGH,2025-11-24,Buy,880.2
HBL,2025-11-24,Buy,192.9
SSHL,2025-11-24,Buy,168.9
SAHAS,2025-11-23,Sell,562.1
LICN,2025-11-23,Buy,879.8
NHPC,2025-11-23,Buy,193.7
LBBL,2025-11-23,Buy,466.0
RADHI,2025-11-23,Buy,769.0
JBBL,2025-11-23,Buy,321.0
NABIL,2025-11-23,Buy,509.5
SIFC,2025-11-23,Buy,494.9
NMB,2025-11-23,Buy,243.0
GFCL,2025-11-23,Buy,588.0
AKPL,2025-11-23,Buy,247.0
ADBL,2025-11-23,Buy,316.0
SHEL,2025-11-23,Buy,294.7
GLH,2025-11-23,Buy,260.1
NLICL,2025-11-23,Buy,618.0
BPCL,2025-11-23,Buy,735.0
NLIC,2025-11-23,Buy,830.0
LEC,2025-11-23,Buy,197.0
AKJCL,2025-11-23,Buy,192.9
GHL,2025-11-23,Buy,218.3
CHDC,2025-11-23,Buy,2296.9
MLBL,2025-11-23,Buy,384.8
SHINE,2025-11-23,Buy,413.5
SHL,2025-11-23,Sell,471.9
MFIL,2025-11-23,Buy,587.0
ICFC,2025-11-23,Buy,633.9
MBL,2025-11-23,Buy,216.0
CHCL,2025-11-23,Buy,490.7
MDB,2025-11-23,Buy,571.0
HIDCL,2025-11-23,Buy,271.4
AHPC,2025-11-23,Buy,281.9
UPCL,2025-11-23,Buy,372.0
UPPER,2025-11-23,Buy,179.0
HDHPC,2025-11-23,Buy,176.0
MLBL,2025-11-20,Sell,377.0
CORBL,2025-11-20,Sell,1680.0
SCB,2025-11-20,Buy,637.0
SBI,2025-11-20,Sell,391.0
GLH,2025-11-20,Sell,254.1
NGPL,2025-11-20,Buy,376.0
SJCL,2025-11-20,Buy,284.7
HIDCL,2025-11-20,Sell,262.9
NFS,2025-11-20,Sell,640.0
AHPC,2025-11-20,Sell,276.4
SIFC,2025-11-19,Sell,489.8
UMRH,2025-11-19,Buy,552.0
NLIC,2025-11-19,Sell,799.0
AHPC,2025-11-19,Buy,281.0
ADBL,2025-11-19,Sell,312.8
KPCL,2025-11-19,Sell,554.0
SBI,2025-11-19,Buy,394.7
UNHPL,2025-11-19,Sell,514.9
SHPC,2025-11-19,Buy,504.9
SJCL,2025-11-19,Sell,282.4
GHL,2025-11-19,Sell,213.0
LICN,2025-11-19,Sell,846.0
NYADI,2025-11-18,Buy,404.9
PMHPL,2025-11-18,Buy,334.0
KPCL,2025-11-18,Buy,563.8
KSBBL,2025-11-18,Buy,429.2
SINDU,2025-11-18,Buy,709.0
UMHL,2025-11-18,Buy,533.0
GHL,2025-11-18,Buy,215.9
KKHC,2025-11-18,Buy,253.0
SJCL,2025-11-18,Buy,284.8
SIFC,2025-11-18,Buy,493.7
NHDL,2025-11-18,Buy,697.0
MHNL,2025-11-18,Buy,255.5
SPDL,2025-11-18,Buy,419.9
HPPL,2025-11-18,Sell,476.0
API,2025-11-18,Buy,282.0
HIDCL,2025-11-18,Buy,267.7
MLBL,2025-11-18,Buy,383.9
SPC,2025-11-18,Buy,465.0
MPFL,2025-11-18,Buy,540.0
DHPL,2025-11-18,Buy,299.0
NLIC,2025-11-18,Buy,809.9
ADBL,2025-11-18,Buy,314.5
GLH,2025-11-18,Buy,259.6
SADBL,2025-11-18,Buy,398.5
CORBL,2025-11-17,Buy,1823.0
HURJA,2025-11-17,Buy,224.2
EBL,2025-11-17,Buy,635.0
BFC,2025-11-17,Sell,465.0
LICN,2025-11-17,Buy,854.0
NIFRA,2025-11-17,Buy,269.0
SHL,2025-11-17,Buy,543.0
SAPDBL,2025-11-17,Buy,825.0
SJCL,2025-11-17,Sell,281.0
RURU,2025-11-17,Sell,751.0
NABBC,2025-11-17,Buy,795.6
CHL,2025-11-17,Buy,256.0
NFS,2025-11-17,Buy,664.0
GRDBL,2025-11-17,Buy,1090.0
NABBC,2025-11-16,Sell,775.0
SCB,2025-11-16,Sell,632.1
SHL,2025-11-16,Sell,536.0
LICN,2025-11-13,Sell,846.0
EBL,2025-11-13,Sell,631.0
UNHPL,2025-11-13,Buy,525.0
HPPL,2025-11-13,Buy,499.0
OHL,2025-11-13,Sell,698.7
JOSHI,2025-11-13,Buy,316.9
PCBL,2025-11-13,Buy,247.3
NLICL,2025-11-12,Sell,603.0
SPDL,2025-11-12,Sell,406.0
NRN,2025-11-12,Sell,1995.0
UNHPL,2025-11-12,Sell,520.9
EBL,2025-11-12,Buy,634.0
PCBL,2025-11-12,Sell,240.2
GUFL,2025-11-12,Sell,503.0
MPFL,2025-11-12,Sell,531.1
NLIC,2025-11-12,Sell,798.0
RADHI,2025-11-12,Sell,745.0
RHPL,2025-11-12,Sell,266.0
SIFC,2025-11-12,Sell,490.0
GFCL,2025-11-11,Sell,588.7
PFL,2025-11-11,Sell,385.5
SJCL,2025-11-11,Buy,285.7
JOSHI,2025-11-11,Sell,304.6
CGH,2025-11-11,Sell,878.0
CFCL,2025-11-11,Sell,485.6
LICN,2025-11-11,Buy,855.0
SIFC,2025-11-11,Buy,493.5
GMFIL,2025-11-11,Sell,453.5
RLFL,2025-11-11,Sell,431.9
NLICL,2025-11-11,Buy,613.0
RHPL,2025-11-11,Buy,273.0
NFS,2025-11-11,Sell,644.5
PROFL,2025-11-11,Sell,460.3
CHDC,2025-11-11,Sell,2297.0
JFL,2025-11-10,Sell,436.0
MFIL,2025-11-10,Sell,584.0
NHDL,2025-11-10,Sell,674.0
ICFC,2025-11-10,Sell,627.9
SBI,2025-11-10,Sell,390.0
MLBL,2025-11-10,Sell,378.0
MDB,2025-11-10,Sell,560.3
UPCL,2025-11-10,Sell,366.0
SIFC,2025-11-10,Sell,490.0
GHL,2025-11-10,Sell,214.0
SHINE,2025-11-10,Sell,406.0
SFCL,2025-11-10,Sell,404.7
LICN,2025-11-10,Sell,840.2
ADBL,2025-11-10,Sell,312.6
BPCL,2025-11-10,Sell,737.0
DHPL,2025-11-09,Sell,287.0
NBL,2025-11-09,Sell,244.0
AKPL,2025-11-09,Sell,244.0
GRDBL,2025-11-09,Sell,1039.0
NGPL,2025-11-09,Sell,374.0
NLICL,2025-11-09,Sell,600.0
CHL,2025-11-09,Sell,246.0
GLH,2025-11-09,Sell,254.9
NHPC,2025-11-09,Sell,191.0
NICA,2025-11-09,Sell,316.2
SADBL,2025-11-09,Sell,396.9
NYADI,2025-11-09,Sell,390.0
SINDU,2025-11-09,Sell,701.0
NIFRA,2025-11-09,Sell,265.0
HBL,2025-11-09,Sell,193.5
ALICL,2025-11-09,Sell,468.2
HIDCL,2025-11-09,Sell,264.9
KKHC,2025-11-09,Sell,245.0
SHEL,2025-11-09,Sell,284.0
PMHPL,2025-11-09,Sell,321.0
AHPC,2025-11-09,Sell,282.0
JBBL,2025-11-09,Sell,318.0
EDBL,2025-11-09,Sell,593.0
HDHPC,2025-11-09,Sell,175.0
HURJA,2025-11-09,Sell,220.0
MHNL,2025-11-09,Sell,243.9
LEC,2025-11-09,Sell,197.9
LBBL,2025-11-09,Sell,464.0
MBL,2025-11-09,Sell,210.1
NMB,2025-11-09,Sell,235.4
MKJC,2025-11-09,Sell,564.8
AKJCL,2025-11-06,Sell,190.4
KPCL,2025-11-06,Sell,560.0
UMRH,2025-11-06,Sell,553.0
RHPL,2025-11-06,Sell,268.1
SJCL,2025-11-06,Sell,276.0
NABIL,2025-11-06,Sell,507.3
UMHL,2025-11-06,Sell,528.0
DHPL,2025-11-06,Buy,293.5
KSBBL,2025-11-06,Sell,429.8
API,2025-11-06,Sell,279.0
CHCL,2025-11-06,Sell,490.0
SHPC,2025-11-06,Sell,504.7
KBL,2025-11-06,Sell,185.4
SINDU,2025-11-06,Buy,714.9
SANIMA,2025-11-06,Sell,316.0
SPC,2025-11-05,Sell,461.2
DHPL,2025-11-05,Sell,291.0
SSHL,2025-11-05,Sell,171.3
GRDBL,2025-11-05,Buy,1058.0
SINDU,2025-11-05,Sell,710.0
UPPER,2025-11-04,Sell,178.0
HPPL,2025-11-04,Sell,490.0
PRVU,2025-11-04,Sell,199.1
GRDBL,2025-11-04,Sell,1045.0
GBBL,2025-11-04,Sell,392.1
SAPDBL,2025-11-04,Sell,809.0
SBL,2025-11-03,Sell,345.0
NABIL,2025-11-03,Buy,513.1
GBIME,2025-11-03,Sell,233.4
CZBIL,2025-11-03,Sell,202.0
SJCL,2025-11-02,Buy,285.0
JFL,2025-11-02,Buy,448.0
MPFL,2025-11-02,Buy,549.0
PMHPL,2025-11-02,Buy,354.2
NICA,2025-11-02,Buy,323.9
UPPER,2025-11-02,Buy,182.5
MFIL,2025-11-02,Buy,603.0
SFCL,2025-11-02,Buy,413.0
MKJC,2025-11-02,Buy,594.0
GFCL,2025-11-02,Buy,597.0
RHPL,2025-11-02,Buy,273.6
MBL,2025-11-02,Buy,217.0
GUFL,2025-11-02,Buy,528.0
SIFC,2025-10-30,Buy,482.1
RLFL,2025-10-30,Buy,422.9
PPCL,2025-10-30,Buy,309.5
ICFC,2025-10-30,Buy,630.0
PFL,2025-10-30,Buy,387.0
GRDBL,2025-10-30,Buy,1056.0
BFC,2025-10-30,Buy,451.0
RURU,2025-10-30,Buy,720.9
SANIMA,2025-10-30,Buy,318.9
KSBBL,2025-10-30,Buy,438.0
TPC,2025-10-30,Buy,304.0
GMFIL,2025-10-30,Buy,437.8
CFCL,2025-10-30,Buy,479.0
CGH,2025-10-30,Buy,868.0
SSHL,2025-10-30,Buy,173.0
AKPL,2025-10-30,Buy,247.5
MDB,2025-10-30,Buy,572.0
SHINE,2025-10-30,Buy,410.0
NYADI,2025-10-29,Buy,421.0
CHCL,2025-10-29,Buy,489.0
MHNL,2025-10-29,Buy,244.5
HURJA,2025-10-29,Buy,216.0
KBL,2025-10-29,Buy,185.8
PCBL,2025-10-29,Buy,239.2
PROFL,2025-10-29,Buy,456.0
LEC,2025-10-29,Buy,199.0
SINDU,2025-10-29,Buy,720.0
AHPC,2025-10-29,Buy,281.0
GHL,2025-10-29,Buy,210.9
JBBL,2025-10-29,Buy,317.9
GRDBL,2025-10-29,Sell,1050.0
GBBL,2025-10-29,Buy,415.0
DHPL,2025-10-29,Buy,291.4
BARUN,2025-10-29,Buy,317.0
KKHC,2025-10-29,Buy,257.4
NHPC,2025-10-29,Buy,192.0
SPC,2025-10-29,Buy,469.9
UPCL,2025-10-29,Buy,363.5
NGPL,2025-10-29,Buy,380.0
HDHPC,2025-10-29,Buy,176.7
CHL,2025-10-29,Buy,241.0
NHDL,2025-10-28,Buy,678.1
JOSHI,2025-10-28,Buy,304.9
GRDBL,2025-10-28,Buy,1076.0
OHL,2025-10-28,Buy,708.8
PRVU,2025-10-28,Buy,203.0
API,2025-10-28,Buy,282.0
MLBL,2025-10-28,Buy,383.6
SHPC,2025-10-28,Buy,510.0
RADHI,2025-10-28,Buy,723.0
CHDC,2025-10-28,Buy,2267.0
LBBL,2025-10-28,Buy,491.0
SPDL,2025-10-28,Buy,401.9
SAHAS,2025-10-28,Buy,647.0
NIFRA,2025-10-28,Buy,269.9
AKJCL,2025-10-28,Buy,193.8
UMRH,2025-10-28,Buy,568.0
SHL,2025-10-28,Buy,518.9
SHEL,2025-10-28,Buy,290.0
NRN,2025-10-28,Buy,1980.0
NFS,2025-10-28,Buy,631.3
NMB,2025-10-28,Buy,242.0
NABBC,2025-10-28,Buy,749.0
KPCL,2025-10-28,Buy,583.1
SAPDBL,2025-10-28,Buy,832.9
SBL,2025-10-28,Buy,361.1
BPCL,2025-10-28,Buy,739.0
LICN,2025-10-28,Buy,833.0
MEN,2025-10-28,Buy,617.9
GBIME,2025-10-28,Buy,243.8
UMHL,2025-10-28,Buy,528.8
EDBL,2025-10-28,Buy,618.0
GLH,2025-10-28,Buy,260.0
ADBL,2025-10-28,Buy,315.0
SADBL,2025-10-28,Buy,405.0
NBL,2025-10-28,Buy,248.0
ALICL,2025-10-28,Buy,463.1
HIDCL,2025-10-28,Buy,267.5
NLIC,2025-10-28,Buy,780.0
HBL,2025-10-26,Buy,198.7
NLICL,2025-10-26,Buy,590.0
SBI,2025-10-19,Buy,389.9
UNHPL,2025-10-19,Buy,498.0
SCB,2025-10-19,Buy,629.0
CZBIL,2025-10-19,Buy,206.5
HPPL,2025-10-16,Buy,465.0
SAPDBL,2025-10-15,Sell,808.9
GRDBL,2025-10-15,Sell,1040.0
DHPL,2025-10-15,Sell,287.0
GRDBL,2025-10-14,Buy,1095.0
UNHPL,2025-10-14,Sell,469.0
RURU,2025-10-13,Sell,720.0
DHPL,2025-10-13,Buy,300.9
SAPDBL,2025-10-13,Buy,827.1
SAPDBL,2025-10-12,Sell,810.0
SINDU,2025-10-12,Sell,709.0
CZBIL,2025-10-12,Sell,203.7
GLH,2025-10-12,Sell,257.0
SPDL,2025-10-12,Sell,387.0
NBL,2025-10-12,Sell,244.0
JOSHI,2025-10-12,Sell,298.0
NABIL,2025-10-12,Sell,510.5
SINDU,2025-10-09,Buy,731.0
SAPDBL,2025-10-09,Buy,833.0
NABIL,2025-10-09,Buy,519.9
MKJC,2025-10-09,Sell,586.0
MNBBL,2025-10-08,Sell,442.5
NABIL,2025-10-08,Sell,514.0
SAPDBL,2025-10-08,Sell,805.0
HBL,2025-10-08,Sell,198.0
GBBL,2025-10-08,Sell,417.1
PRVU,2025-10-08,Sell,203.0
EBL,2025-10-08,Sell,710.6
API,2025-10-08,Sell,280.0
GFCL,2025-10-08,Sell,600.1
SJCL,2025-10-08,Sell,291.9
NLICL,2025-10-08,Sell,578.0
NLIC,2025-10-08,Sell,758.3
AHPC,2025-10-08,Sell,281.6
GBIME,2025-10-08,Sell,241.0
KPCL,2025-10-08,Sell,571.0
JFL,2025-10-08,Sell,440.0
SAHAS,2025-10-08,Sell,620.1
CHCL,2025-10-08,Sell,490.0
CHL,2025-10-08,Sell,249.9
KKHC,2025-10-08,Sell,233.0
MLBL,2025-10-08,Sell,379.9
NGPL,2025-10-08,Sell,380.0
SINDU,2025-10-08,Sell,703.0
MEN,2025-10-08,Sell,616.0
NABBC,2025-10-07,Sell,753.0
JBBL,2025-10-07,Sell,322.9
SSHL,2025-10-07,Sell,176.0
UMRH,2025-10-07,Sell,580.0
BARUN,2025-10-07,Sell,326.5
EDBL,2025-10-07,Sell,597.0
LICN,2025-10-07,Sell,833.9
ICFC,2025-10-07,Sell,650.0
CFCL,2025-10-07,Sell,490.0
DHPL,2025-10-07,Sell,291.0
HURJA,2025-10-07,Sell,222.9
PFL,2025-10-07,Sell,395.0
HDHPC,2025-10-07,Sell,179.6
SBI,2025-10-07,Sell,384.0
MDB,2025-10-07,Sell,590.0
GMFIL,2025-10-07,Sell,464.0
AKJCL,2025-10-07,Sell,192.9
GRDBL,2025-10-07,Sell,1055.0
NGPL,2025-10-07,Buy,393.0
NHDL,2025-10-07,Sell,681.0
PCBL,2025-10-07,Sell,246.0
NHPC,2025-10-07,Sell,196.1
PPCL,2025-10-07,Sell,318.2
SIFC,2025-10-07,Sell,507.0
SHINE,2025-10-07,Sell,415.8
EBL,2025-10-07,Buy,720.0
NIFRA,2025-10-07,Sell,269.5
BFC,2025-10-07,Sell,459.8
SPC,2025-10-07,Sell,485.1
CORBL,2025-10-07,Sell,1885.0
AKPL,2025-10-07,Sell,252.9
UPPER,2025-10-07,Sell,185.1
NYADI,2025-10-07,Sell,395.0
NMB,2025-10-07,Sell,243.4
GHL,2025-10-07,Sell,220.0
PROFL,2025-10-07,Sell,480.0
PCBL,2025-09-28,Buy,253.0
MLBL,2025-09-28,Buy,392.7
NMB,2025-09-28,Buy,248.5
BFC,2025-09-28,Buy,471.0
CHCL,2025-09-28,Buy,503.0
JBBL,2025-09-28,Buy,331.0
DHPL,2025-09-28,Buy,300.0
HURJA,2025-09-28,Buy,230.2
NIFRA,2025-09-28,Buy,275.0
SJCL,2025-09-28,Buy,299.9
TPC,2025-09-28,Sell,335.9
BARUN,2025-09-28,Buy,337.0
CZBIL,2025-09-28,Buy,210.0
LICN,2025-09-28,Buy,840.0
HBL,2025-09-28,Buy,203.8
SPDL,2025-09-28,Buy,402.0
PRVU,2025-09-28,Buy,207.9
AKJCL,2025-09-25,Buy,195.0
GBIME,2025-09-25,Buy,247.0
GHL,2025-09-25,Buy,226.0
NFS,2025-09-25,Sell,646.0
NHPC,2025-09-25,Buy,200.0
RADHI,2025-09-25,Sell,746.0
JBBL,2025-09-25,Sell,327.3
DHPL,2025-09-25,Sell,296.0
UPCL,2025-09-25,Sell,382.1
MHNL,2025-09-25,Sell,246.5
GLH,2025-09-24,Buy,258.0
MDB,2025-09-24,Buy,612.0
NLIC,2025-09-24,Buy,769.0
NBL,2025-09-24,Buy,249.0
RURU,2025-09-24,Buy,720.0
SHINE,2025-09-24,Buy,419.9
API,2025-09-24,Buy,288.0
MHNL,2025-09-24,Buy,253.8
EDBL,2025-09-24,Buy,634.0
HURJA,2025-09-24,Sell,225.6
HDHPC,2025-09-24,Buy,188.0
SPC,2025-09-24,Buy,514.0
CHL,2025-09-24,Buy,258.7
JFL,2025-09-24,Buy,452.0
NABBC,2025-09-24,Buy,820.0
RADHI,2025-09-24,Buy,755.0
JBBL,2025-09-24,Buy,328.9
DHPL,2025-09-24,Buy,300.0
NABIL,2025-09-24,Buy,522.0
NLICL,2025-09-24,Buy,590.0
AKPL,2025-09-23,Buy,261.0
CORBL,2025-09-23,Buy,2114.0
ICFC,2025-09-23,Buy,675.0
MEN,2025-09-23,Buy,625.9
SAPDBL,2025-09-23,Buy,846.2
NYADI,2025-09-23,Buy,419.0
AHPC,2025-09-23,Buy,291.9
KPCL,2025-09-23,Buy,600.0
SSHL,2025-09-23,Buy,187.6
GFCL,2025-09-23,Buy,640.0
PROFL,2025-09-23,Buy,496.1
GBBL,2025-09-23,Buy,433.0
SINDU,2025-09-23,Buy,747.7
PPCL,2025-09-23,Buy,333.9
SAHAS,2025-09-23,Buy,646.1
PFL,2025-09-23,Buy,405.0
MKJC,2025-09-23,Buy,599.0
NFS,2025-09-23,Buy,671.0
SIFC,2025-09-23,Buy,519.9
SBI,2025-09-23,Buy,392.7
NHDL,2025-09-23,Buy,711.9
GMFIL,2025-09-23,Buy,484.9
JOSHI,2025-09-23,Buy,315.8
TPC,2025-09-23,Buy,349.9
KKHC,2025-09-23,Buy,247.5
UMRH,2025-09-23,Buy,598.8
HURJA,2025-09-23,Buy,233.8
UPPER,2025-09-23,Buy,192.4
GRDBL,2025-09-23,Buy,1150.1
CFCL,2025-09-23,Buy,507.0
MNBBL,2025-09-21,Buy,450.84
SPDL,2025-09-18,Sell,362.4
MKJC,2025-09-18,Sell,553.0
SCB,2025-09-08,Sell,631.7
SANIMA,2025-09-08,Sell,365.16
GBBL,2025-09-08,Sell,426.47
SBL,2025-09-08,Sell,372.25
MBL,2025-09-08,Sell,248.37
KSBBL,2025-09-08,Sell,523.34
SPDL,2025-09-08,Buy,402.65
UPCL,2025-09-07,Buy,400.63
SBI,2025-09-04,Sell,386.05
NMB,2025-09-04,Sell,249.85
EBL,2025-09-04,Sell,741.06
EDBL,2025-09-03,Sell,623.56
NABIL,2025-09-03,Sell,519.88
LEC,2025-09-02,Sell,235.18
GBBL,2025-09-02,Buy,431.45
CGH,2025-09-02,Sell,1023.2
UNHPL,2025-09-02,Buy,402.4
AKPL,2025-09-02,Sell,260.56
NMB,2025-09-01,Buy,253.45
MFIL,2025-09-01,Sell,673.5
SBI,2025-09-01,Buy,394.26
SANIMA,2025-09-01,Buy,372.3
MBL,2025-09-01,Buy,250.73
SHEL,2025-09-01,Sell,306.47
TRH,2025-08-31,Sell,944.65
ALICL,2025-08-31,Sell,485.65
MBL,2025-08-31,Sell,248.64
LBBL,2025-08-31,Sell,535.38
SHINE,2025-08-31,Sell,421.43
MDB,2025-08-31,Sell,615.95
SHL,2025-08-31,Sell,559.32
GBBL,2025-08-31,Sell,426.06
SPDL,2025-08-31,Sell,396.21
PCBL,2025-08-31,Sell,251.38
NIFRA,2025-08-31,Sell,275.28
API,2025-08-31,Sell,291.63
ICFC,2025-08-31,Sell,662.38
MNBBL,2025-08-31,Sell,441.63
SCB,2025-08-31,Buy,634.1
NLIC,2025-08-31,Sell,777.42
UNHPL,2025-08-31,Sell,384.79
OHL,2025-08-31,Sell,845.32
MLBL,2025-08-31,Sell,393.46
GBIME,2025-08-31,Sell,249.06
HIDCL,2025-08-31,Sell,283.14
SANIMA,2025-08-31,Sell,366.06
SAHAS,2025-08-31,Sell,641.17
GLH,2025-08-31,Sell,266.6
MKJC,2025-08-28,Buy,589.21
DHPL,2025-08-28,Sell,314.18
SHPC,2025-08-28,Sell,562.37
SIFC,2025-08-28,Sell,510.0
PPCL,2025-08-28,Sell,334.83
SADBL,2025-08-28,Sell,431.39
NGPL,2025-08-28,Sell,403.71
CHDC,2025-08-28,Sell,2584.49
MHNL,2025-08-28,Sell,263.13
NLICL,2025-08-28,Sell,601.56
MEN,2025-08-28,Sell,630.54
JBBL,2025-08-28,Sell,336.45
NMB,2025-08-28,Sell,250.61
AHPC,2025-08-28,Sell,291.63
SADBL,2025-08-27,Buy,448.75
SIFC,2025-08-27,Buy,523.84
API,2025-08-27,Buy,298.89
SHL,2025-08-27,Buy,571.15
NLIC,2025-08-27,Buy,793.03
NGPL,2025-08-27,Buy,411.6
SANIMA,2025-08-27,Buy,371.23
SHINE,2025-08-27,Buy,441.54
LBBL,2025-08-27,Buy,577.1
NIFRA,2025-08-27,Buy,288.0
UNHPL,2025-08-27,Buy,403.69
KSBBL,2025-08-27,Buy,546.57
CHDC,2025-08-27,Buy,2640.4
SPDL,2025-08-27,Buy,412.37
AHPC,2025-08-27,Buy,298.47
EDBL,2025-08-27,Buy,646.66
JBBL,2025-08-27,Buy,347.68
NMB,2025-08-27,Buy,253.27
MDB,2025-08-27,Buy,640.57
MEN,2025-08-27,Buy,637.61
MFIL,2025-08-27,Buy,698.26
SHPC,2025-08-27,Buy,576.3
NLICL,2025-08-27,Buy,615.65
AKPL,2025-08-27,Buy,268.64
SBL,2025-08-27,Buy,371.47
MBL,2025-08-27,Buy,252.18
DHPL,2025-08-27,Buy,318.84
GLH,2025-08-27,Buy,272.28
PPCL,2025-08-27,Buy,345.09
MLBL,2025-08-27,Buy,409.21
HIDCL,2025-08-27,Buy,294.41
GBBL,2025-08-27,Buy,439.68
GBIME,2025-08-27,Buy,255.29
SHEL,2025-08-27,Buy,317.24
MNBBL,2025-08-27,Buy,460.75
SAHAS,2025-08-27,Buy,660.54
ALICL,2025-08-26,Buy,491.03
OHL,2025-08-26,Buy,871.88
ICFC,2025-08-26,Buy,676.65
NABIL,2025-08-26,Buy,529.35
MHNL,2025-08-25,Buy,271.87
PCBL,2025-08-25,Buy,257.76
NHDL,2025-08-25,Sell,707.99
RHPL,2025-08-24,Sell,309.22
SHL,2025-08-24,Sell,558.48
MEN,2025-08-24,Sell,627.65
NYADI,2025-08-24,Sell,426.82
MHNL,2025-08-24,Sell,266.27
DHPL,2025-08-24,Sell,311.74
PMHPL,2025-08-21,Sell,396.08
RHPL,2025-08-21,Buy,321.43
MNBBL,2025-08-21,Sell,445.17
UNHPL,2025-08-21,Sell,387.1
ADBL,2025-08-21,Sell,329.26
TRH,2025-08-21,Buy,956.83
UMRH,2025-08-21,Sell,622.19
RURU,2025-08-20,Sell,742.18
NYADI,2025-08-20,Buy,437.87
SHL,2025-08-20,Buy,571.9
SPC,2025-08-20,Sell,534.49
UMHL,2025-08-20,Sell,570.79
KPCL,2025-08-20,Sell,598.83
CGH,2025-08-20,Buy,1054.3
AHPC,2025-08-20,Sell,296.1
RURU,2025-08-19,Buy,754.55
DHPL,2025-08-19,Buy,319.85
MEN,2025-08-19,Buy,639.91
AHPC,2025-08-19,Buy,300.16
MHNL,2025-08-19,Buy,271.84
NHDL,2025-08-18,Buy,733.08
SPC,2025-08-18,Buy,552.93
UNHPL,2025-08-18,Buy,408.35
KPCL,2025-08-18,Buy,623.73
LEC,2025-08-18,Buy,242.09
EBL,2025-08-17,Buy,719.87
MNBBL,2025-08-17,Buy,457.44
UMRH,2025-08-17,Buy,639.01
SAHAS,2025-08-13,Sell,657.84
ICFC,2025-08-12,Sell,669.1
LEC,2025-08-12,Sell,229.55
MFIL,2025-08-12,Sell,690.33
ADBL,2025-08-11,Buy,334.44
MBL,2025-08-11,Sell,255.86
NRN,2025-08-11,Sell,2242.63
NABBC,2025-08-11,Sell,1648.71
PMHPL,2025-08-11,Buy,406.76
MKJC,2025-08-11,Sell,570.95
NRN,2025-08-07,Buy,2305.62
ICFC,2025-08-07,Buy,692.22
LBBL,2025-08-06,Sell,567.87
NFS,2025-08-06,Sell,730.71
UMHL,2025-08-05,Buy,558.03
NGPL,2025-08-05,Sell,425.03
MBL,2025-08-05,Buy,260.27
KPCL,2025-08-05,Sell,624.42
PRVU,2025-08-05,Sell,231.62
SAPDBL,2025-08-04,Sell,936.17
LEC,2025-08-04,Buy,241.77
SINDU,2025-08-04,Sell,815.74
KPCL,2025-08-04,Buy,638.65
MNBBL,2025-08-04,Sell,455.07
CORBL,2025-08-04,Sell,2127.69
JBBL,2025-08-03,Sell,370.24
SIFC,2025-08-03,Sell,550.58
NLIC,2025-08-03,Sell,813.0
SHEL,2025-08-03,Sell,312.31
KPCL,2025-08-03,Sell,616.67
GRDBL,2025-08-03,Sell,1307.26
SHINE,2025-08-03,Sell,440.08
SADBL,2025-08-03,Sell,469.61
PROFL,2025-08-03,Sell,536.07
MLBL,2025-08-03,Sell,418.23
BFC,2025-08-03,Sell,533.46
JOSHI,2025-08-03,Sell,336.48
SPC,2025-08-03,Sell,541.97
GMFIL,2025-08-03,Sell,510.73
NHDL,2025-08-03,Sell,718.71
JFL,2025-08-03,Sell,518.95
MDB,2025-08-03,Sell,667.08
RLFL,2025-08-03,Sell,515.11
PMHPL,2025-08-03,Sell,394.78
SANIMA,2025-08-03,Sell,367.67
LEC,2025-08-03,Sell,233.1
ADBL,2025-08-03,Sell,326.37
HDHPC,2025-08-03,Sell,206.67
MPFL,2025-08-03,Sell,638.97
GBBL,2025-08-03,Sell,442.19
SSHL,2025-08-03,Sell,212.1
EDBL,2025-08-03,Sell,655.43
GBIME,2025-08-03,Sell,254.47
UMRH,2025-08-03,Sell,624.02
CHDC,2025-08-03,Sell,2752.43
ICFC,2025-08-03,Sell,672.82
AHPC,2025-08-03,Sell,300.56
KSBBL,2025-08-03,Sell,537.55
AKJCL,2025-07-31,Sell,215.36
SBL,2025-07-31,Sell,379.74
SINDU,2025-07-31,Buy,859.22
NIFRA,2025-07-31,Sell,299.41
TPC,2025-07-31,Sell,398.37
NBL,2025-07-31,Sell,293.73
CGH,2025-07-31,Sell,1039.2
ALICL,2025-07-31,Sell,516.58
RADHI,2025-07-31,Sell,821.25
CZBIL,2025-07-31,Sell,228.0
MBL,2025-07-31,Sell,255.87
GRDBL,2025-07-31,Buy,1371.34
TRH,2025-07-31,Sell,989.84
UPPER,2025-07-31,Sell,205.07
GFCL,2025-07-31,Sell,708.8
JOSHI,2025-07-31,Buy,345.7
KBL,2025-07-31,Sell,220.44
NABIL,2025-07-31,Sell,536.48
CFCL,2025-07-31,Sell,558.07
API,2025-07-31,Sell,306.41
GLH,2025-07-31,Sell,280.58
AKPL,2025-07-31,Sell,274.78
CORBL,2025-07-31,Buy,2230.94
NFS,2025-07-31,Buy,788.19
SAPDBL,2025-07-31,Buy,1002.99
GUFL,2025-07-31,Sell,581.86
RURU,2025-07-31,Sell,767.81
NMB,2025-07-31,Sell,264.88
SCB,2025-07-30,Sell,660.12
SHPC,2025-07-30,Sell,614.8
HURJA,2025-07-30,Sell,257.35
MHNL,2025-07-30,Sell,278.62
NABBC,2025-07-30,Buy,1678.45
CHCL,2025-07-30,Sell,544.93
SBI,2025-07-30,Sell,432.85
MEN,2025-07-30,Sell,643.55
HIDCL,2025-07-30,Sell,306.74
HPPL,2025-07-30,Sell,517.11
SJCL,2025-07-30,Sell,325.8
NHPC,2025-07-30,Sell,220.19
BPCL,2025-07-30,Sell,937.89
NRN,2025-07-30,Sell,2269.17
GHL,2025-07-30,Sell,258.64
PFL,2025-07-30,Sell,431.48
NLICL,2025-07-30,Sell,647.08
SPDL,2025-07-30,Sell,416.43
PCBL,2025-07-30,Sell,272.96
OHL,2025-07-30,Sell,899.61
EBL,2025-07-30,Sell,722.16
UPCL,2025-07-30,Sell,423.68
DHPL,2025-07-30,Sell,332.58
LICN,2025-07-30,Sell,929.3
SBI,2025-07-29,Buy,442.63
OHL,2025-07-29,Buy,917.17
CHL,2025-07-29,Sell,327.47
PMHPL,2025-07-29,Buy,411.78
SHL,2025-07-29,Sell,586.45
NFS,2025-07-28,Sell,732.8
PPCL,2025-07-28,Sell,375.75
NICA,2025-07-28,Sell,396.3
SBI,2025-07-28,Sell,433.28
OHL,2025-07-28,Sell,903.62
HBL,2025-07-28,Sell,237.74
NYADI,2025-07-27,Sell,458.71
RHPL,2025-07-27,Sell,346.88
UMHL,2025-07-24,Sell,554.57
JOSHI,2025-07-24,Sell,341.88
PMHPL,2025-07-23,Sell,392.7
TPC,2025-07-22,Buy,397.51
UNHPL,2025-07-22,Sell,421.34
GRDBL,2025-07-21,Sell,1329.6
NABBC,2025-07-21,Sell,1633.0
SFCL,2025-07-21,Sell,492.08
TPC,2025-07-20,Sell,391.07
CORBL,2025-07-20,Sell,2350.61
RHPL,2025-07-20,Buy,352.57
NABBC,2025-07-20,Buy,1690.0
SINDU,2025-07-20,Sell,862.48
TPC,2025-07-17,Buy,401.66
HURJA,2025-07-17,Buy,260.41
MHNL,2025-07-17,Buy,284.16
SJCL,2025-07-17,Buy,327.07
CHCL,2025-07-17,Buy,547.62
GHL,2025-07-17,Buy,261.41
HIDCL,2025-07-17,Buy,306.09
CHL,2025-07-17,Buy,334.4
UMHL,2025-07-17,Buy,583.55
HPPL,2025-07-17,Buy,524.19
KPCL,2025-07-17,Buy,554.54
PPCL,2025-07-17,Buy,385.99
LICN,2025-07-17,Buy,914.46
HDHPC,2025-07-17,Buy,204.92
NYADI,2025-07-17,Buy,471.84
AKJCL,2025-07-17,Buy,216.61
DHPL,2025-07-17,Buy,337.66
MKJC,2025-07-17,Buy,544.09
SINDU,2025-07-17,Buy,874.22
UNHPL,2025-07-17,Buy,449.41
ALICL,2025-07-17,Buy,513.4
NHPC,2025-07-16,Buy,213.83
SPC,2025-07-16,Buy,538.17
UPCL,2025-07-16,Buy,403.87
LEC,2025-07-16,Buy,215.05
CORBL,2025-07-16,Buy,2476.78
GRDBL,2025-07-16,Buy,1486.87
NABBC,2025-07-16,Sell,1643.93
PMHPL,2025-07-16,Buy,406.66
SHEL,2025-07-16,Buy,288.37
GHL,2025-07-16,Sell,248.81
CGH,2025-07-15,Buy,960.45
GHL,2025-07-15,Buy,251.54
AKPL,2025-07-15,Buy,261.98
SHPC,2025-07-15,Buy,609.0
GLH,2025-07-15,Buy,268.14
AHPC,2025-07-15,Buy,290.35
SSHL,2025-07-15,Buy,255.35
SAPDBL,2025-07-15,Sell,1069.47
RADHI,2025-07-15,Buy,802.3
NGPL,2025-07-15,Buy,396.05
SPDL,2025-07-15,Buy,420.36
NYADI,2025-07-14,Sell,456.93
RURU,2025-07-14,Buy,718.47
JOSHI,2025-07-14,Buy,346.37
HIDCL,2025-07-14,Sell,290.26
SINDU,2025-07-14,Sell,849.53
API,2025-07-14,Buy,294.15
BARUN,2025-07-14,Sell,416.7
LEC,2025-07-14,Sell,212.29
SAPDBL,2025-07-14,Buy,1100.55
UMHL,2025-07-13,Sell,549.98
GHL,2025-07-13,Sell,247.84
CORBL,2025-07-13,Sell,2288.47
CGH,2025-07-13,Sell,952.07
API,2025-07-13,Sell,292.0
KKHC,2025-07-13,Sell,291.0
LBBL,2025-07-10,Buy,442.44
UPPER,2025-07-10,Buy,196.95
MLBL,2025-07-10,Buy,393.11
NHDL,2025-07-10,Buy,678.48
SSHL,2025-07-10,Sell,248.01
OHL,2025-07-10,Buy,879.04
UMRH,2025-07-10,Buy,593.42
CGH,2025-07-10,Buy,955.37
API,2025-07-10,Buy,293.8
LEC,2025-07-09,Buy,215.31
GHL,2025-07-09,Buy,251.77
SAPDBL,2025-07-09,Sell,1061.51
GRDBL,2025-07-09,Sell,1331.59
MEN,2025-07-09,Buy,603.12
SPC,2025-07-08,Sell,512.33
MKJC,2025-07-08,Sell,517.36
BPCL,2025-07-08,Buy,835.94
LBBL,2025-07-08,Sell,429.47
MLBL,2025-07-08,Sell,380.31
PMHPL,2025-07-07,Sell,388.38
PPCL,2025-07-07,Sell,371.25
CHL,2025-07-07,Sell,323.5
UNHPL,2025-07-07,Sell,419.72
HDHPC,2025-07-07,Sell,197.19
SHL,2025-07-07,Buy,564.65
UPPER,2025-07-07,Sell,195.43
SJCL,2025-07-07,Sell,317.39
LICN,2025-07-07,Sell,883.77
MHNL,2025-07-07,Sell,271.78
MEN,2025-07-07,Sell,595.73
TPC,2025-07-07,Sell,395.96
API,2025-07-07,Sell,291.76
ALICL,2025-07-07,Sell,499.75
DHPL,2025-07-06,Sell,324.34
RURU,2025-07-06,Sell,713.04
UMRH,2025-07-06,Sell,580.63
TRH,2025-07-03,Buy,938.94
DHPL,2025-07-03,Buy,330.57
HDHPC,2025-07-03,Buy,200.61
API,2025-07-03,Buy,296.16
AKPL,2025-07-03,Sell,261.41
GLH,2025-07-03,Sell,266.9
CFCL,2025-07-03,Buy,534.51
BPCL,2025-07-03,Sell,798.09
SPDL,2025-07-03,Sell,411.21
LICN,2025-07-03,Buy,916.57
MPFL,2025-07-02,Buy,591.78
RLFL,2025-07-02,Buy,470.8
JFL,2025-07-02,Buy,469.0
PFL,2025-07-02,Buy,409.31
ALICL,2025-07-02,Buy,517.63
GFCL,2025-07-02,Buy,621.98
SJCL,2025-07-02,Buy,326.97
PROFL,2025-07-02,Buy,492.72
NABBC,2025-07-02,Buy,1653.82
BFC,2025-07-02,Buy,480.6
NHDL,2025-07-02,Sell,674.42
SIFC,2025-07-02,Buy,527.13
GMFIL,2025-07-02,Buy,482.83
NFS,2025-07-02,Buy,631.18
GUFL,2025-07-02,Buy,538.07
AKJCL,2025-07-02,Sell,210.63
SFCL,2025-07-02,Buy,484.42
ICFC,2025-07-02,Buy,614.96
UPPER,2025-07-01,Buy,197.17
MFIL,2025-07-01,Buy,584.49
SHINE,2025-07-01,Buy,401.65
SADBL,2025-07-01,Buy,407.33
LBBL,2025-07-01,Buy,435.95
AKJCL,2025-07-01,Buy,211.53
NLIC,2025-07-01,Buy,740.19
NIFRA,2025-07-01,Buy,277.66
AKPL,2025-07-01,Buy,267.08
MNBBL,2025-07-01,Buy,359.58
KPCL,2025-07-01,Sell,550.4
HIDCL,2025-07-01,Buy,297.39
NICA,2025-07-01,Buy,346.22
SPDL,2025-07-01,Buy,427.82
CHDC,2025-07-01,Buy,2643.26
RURU,2025-07-01,Buy,724.33
MLBL,2025-06-30,Buy,381.73
EDBL,2025-06-30,Buy,565.28
JBBL,2025-06-30,Buy,321.81
DHPL,2025-06-30,Sell,324.83
MEN,2025-06-30,Buy,605.12
NABIL,2025-06-30,Buy,491.81
LICN,2025-06-30,Sell,856.27
MDB,2025-06-30,Buy,585.18
KSBBL,2025-06-30,Buy,453.05
SINDU,2025-06-30,Buy,818.49
NLICL,2025-06-30,Buy,585.32
GBBL,2025-06-30,Buy,390.93
SAPDBL,2025-06-29,Buy,1095.4
HBL,2025-06-29,Buy,218.69
NHDL,2025-06-29,Buy,683.95
NBL,2025-06-29,Buy,253.68
CZBIL,2025-06-29,Buy,207.98
KBL,2025-06-29,Buy,206.26
PRVU,2025-06-29,Buy,205.98
LICN,2025-06-29,Buy,908.36
CORBL,2025-06-29,Buy,2366.39
NMB,2025-06-29,Buy,243.23
EBL,2025-06-29,Buy,643.87
CHDC,2025-06-29,Sell,2550.24
SHEL,2025-06-29,Sell,291.88
ADBL,2025-06-29,Buy,286.67
PCBL,2025-06-29,Buy,244.2
SBI,2025-06-29,Buy,392.47
GBIME,2025-06-29,Buy,237.37
CGH,2025-06-29,Sell,950.84
SCB,2025-06-29,Buy,615.12
SANIMA,2025-06-26,Buy,317.81
AKJCL,2025-06-26,Sell,210.93
MBL,2025-06-26,Buy,217.12
GRDBL,2025-06-26,Buy,1301.97
SPC,2025-06-26,Buy,521.5
BARUN,2025-06-26,Buy,401.88
LICN,2025-06-26,Sell,900.11
HPPL,2025-06-26,Sell,540.51
NYADI,2025-06-26,Buy,444.56
UMRH,2025-06-26,Buy,587.35
MKJC,2025-06-25,Buy,532.1
GLH,2025-06-25,Buy,272.33
BARUN,2025-06-25,Sell,368.95
CGH,2025-06-25,Buy,994.9
TPC,2025-06-25,Buy,404.44
MHNL,2025-06-24,Buy,265.02
LEC,2025-06-24,Sell,215.15
NGPL,2025-06-24,Sell,402.81
CHDC,2025-06-24,Buy,2607.69
SAHAS,2025-06-24,Buy,552.15
CHL,2025-06-24,Buy,307.14
SPDL,2025-06-24,Sell,413.89
NRN,2025-06-24,Buy,2039.25
TPC,2025-06-23,Sell,359.62
BARUN,2025-06-23,Buy,382.42
RURU,2025-06-23,Sell,711.51
CGH,2025-06-23,Sell,964.86
GLH,2025-06-23,Sell,260.62
KPCL,2025-06-23,Buy,558.17
HURJA,2025-06-23,Sell,254.89
MKJC,2025-06-22,Sell,490.36
RADHI,2025-06-22,Sell,786.95
JOSHI,2025-06-22,Sell,348.6
SHL,2025-06-22,Sell,556.64
SJCL,2025-06-22,Sell,324.2
NHPC,2025-06-22,Sell,214.67
MEN,2025-06-22,Sell,585.47
KPCL,2025-06-22,Sell,533.81
RHPL,2025-06-22,Sell,380.43
SANIMA,2025-06-22,Sell,314.05
CHCL,2025-06-22,Sell,540.99
GHL,2025-06-22,Sell,245.52
SAHAS,2025-06-22,Sell,537.71
UMRH,2025-06-22,Sell,573.05
NBL,2025-06-22,Sell,250.21
CHL,2025-06-22,Sell,298.16
BARUN,2025-06-22,Sell,363.27
SHPC,2025-06-22,Sell,601.94
MHNL,2025-06-22,Sell,257.34
LICN,2025-06-19,Buy,907.08
GMFIL,2025-06-19,Sell,485.55
ICFC,2025-06-19,Sell,608.43
AKPL,2025-06-19,Sell,271.57
NYADI,2025-06-19,Sell,421.1
MHNL,2025-06-19,Buy,265.65
CORBL,2025-06-19,Sell,2254.62
SCB,2025-06-19,Sell,612.88
OHL,2025-06-19,Sell,892.38
TRH,2025-06-19,Sell,944.85
SIFC,2025-06-19,Sell,510.63
SFCL,2025-06-18,Sell,480.28
PPCL,2025-06-18,Buy,340.33
BARUN,2025-06-18,Buy,387.92
SSHL,2025-06-18,Buy,235.69
GHL,2025-06-18,Buy,258.01
GRDBL,2025-06-18,Sell,1207.22
AHPC,2025-06-18,Sell,296.76
JFL,2025-06-18,Sell,465.64
NFS,2025-06-18,Sell,620.96
DHPL,2025-06-18,Buy,328.82
MPFL,2025-06-18,Sell,590.27
SAPDBL,2025-06-18,Sell,954.69
SCB,2025-06-18,Buy,614.72
NIFRA,2025-06-17,Sell,280.83
MHNL,2025-06-17,Sell,257.53
HDHPC,2025-06-17,Sell,200.93
BFC,2025-06-17,Sell,479.6
UPCL,2025-06-17,Sell,455.8
NBL,2025-06-17,Buy,256.5
PPCL,2025-06-17,Sell,328.74
API,2025-06-17,Sell,299.55
GHL,2025-06-17,Sell,254.67
NYADI,2025-06-17,Buy,439.2
PROFL,2025-06-17,Sell,489.12
CORBL,2025-06-16,Buy,2578.86
GFCL,2025-06-16,Sell,630.69
NRN,2025-06-16,Sell,2000.35
RLFL,2025-06-16,Sell,477.83
NIFRA,2025-06-16,Buy,284.12
PFL,2025-06-16,Sell,408.17
MFIL,2025-06-16,Sell,590.19
CFCL,2025-06-16,Sell,516.77
SHL,2025-06-16,Buy,599.15
NHDL,2025-06-16,Sell,687.67
SANIMA,2025-06-16,Buy,316.81
CHDC,2025-06-16,Sell,2580.21
GRDBL,2025-06-16,Buy,1265.27
GUFL,2025-06-16,Sell,544.15
CHL,2025-06-15,Buy,324.8
KKHC,2025-06-15,Buy,347.79
SPC,2025-06-15,Sell,503.45
MLBL,2025-06-15,Sell,386.34
GBIME,2025-06-15,Sell,235.49
SHL,2025-06-15,Sell,563.62
OHL,2025-06-15,Buy,895.83
SSHL,2025-06-15,Sell,229.53
SANIMA,2025-06-15,Sell,315.15
NABBC,2025-06-15,Sell,1610.12
HIDCL,2025-06-15,Sell,304.08
TRH,2025-06-15,Buy,951.74
NYADI,2025-06-12,Sell,430.13
KSBBL,2025-06-12,Sell,448.69
CORBL,2025-06-12,Sell,2326.24
CHL,2025-06-12,Sell,295.3
KKHC,2025-06-12,Sell,342.29
SHL,2025-06-12,Buy,570.28
TPC,2025-06-12,Buy,371.39
CHL,2025-06-11,Buy,301.64
EBL,2025-06-11,Sell,645.42
SINDU,2025-06-11,Sell,847.32
GRDBL,2025-06-11,Sell,1213.57
SHINE,2025-06-11,Sell,401.92
SHL,2025-06-11,Sell,561.07
CORBL,2025-06-11,Buy,2448.93
KSBBL,2025-06-11,Buy,452.28
MHNL,2025-06-11,Buy,265.83
NIFRA,2025-06-11,Sell,280.99
LEC,2025-06-10,Buy,215.02
AKJCL,2025-06-10,Buy,209.24
SSHL,2025-06-10,Buy,231.96
GFCL,2025-06-10,Buy,652.9
PPCL,2025-06-10,Buy,333.04
PFL,2025-06-10,Buy,422.96
GBIME,2025-06-10,Buy,241.4
GLH,2025-06-10,Buy,259.2
JFL,2025-06-10,Buy,490.37
GUFL,2025-06-10,Buy,563.42
EBL,2025-06-10,Buy,650.66
ICFC,2025-06-10,Buy,622.57
SANIMA,2025-06-10,Buy,319.5
RLFL,2025-06-10,Buy,498.45
MPFL,2025-06-10,Buy,611.86
NFS,2025-06-10,Buy,630.55
SIFC,2025-06-10,Buy,536.3
SHL,2025-06-10,Buy,572.03
GMFIL,2025-06-10,Buy,497.7
MFIL,2025-06-10,Buy,606.16
MKJC,2025-06-10,Buy,500.24
NIFRA,2025-06-10,Buy,284.81
SFCL,2025-06-10,Buy,506.48
BFC,2025-06-10,Buy,500.44
CFCL,2025-06-10,Buy,532.98
PROFL,2025-06-10,Buy,501.9
SHINE,2025-06-10,Buy,410.16
MLBL,2025-06-10,Buy,391.12
GHL,2025-06-09,Buy,267.69
MEN,2025-06-09,Buy,585.92
KPCL,2025-06-09,Buy,527.78
SBI,2025-06-09,Sell,402.09
SBL,2025-06-09,Buy,297.4
UMRH,2025-06-09,Buy,575.55
HDHPC,2025-06-09,Buy,203.37
NRN,2025-06-09,Buy,2051.82
CORBL,2025-06-09,Sell,2387.95
NYADI,2025-06-09,Buy,446.7
JOSHI,2025-06-09,Buy,395.44
SPC,2025-06-09,Buy,511.8
SINDU,2025-06-09,Buy,882.0
NHDL,2025-06-09,Buy,731.59
KKHC,2025-06-09,Buy,346.17
NHPC,2025-06-09,Buy,219.49
RURU,2025-06-09,Buy,704.52
KBL,2025-06-08,Sell,209.52
SBL,2025-06-08,Sell,293.12
RHPL,2025-06-08,Buy,389.77
API,2025-06-08,Buy,302.16
CHCL,2025-06-08,Buy,525.75
GBIME,2025-06-08,Sell,231.56
CHDC,2025-06-08,Buy,2571.05
SHPC,2025-06-08,Buy,585.26
HURJA,2025-06-08,Buy,254.3
NIFRA,2025-06-08,Sell,278.74
SJCL,2025-06-08,Buy,322.01
HPPL,2025-06-08,Buy,536.61
PMHPL,2025-06-08,Buy,293.01
UNHPL,2025-06-08,Buy,338.8
SPDL,2025-06-08,Buy,386.98
SAHAS,2025-06-08,Buy,525.06
EBL,2025-06-08,Sell,643.3
CZBIL,2025-06-05,Sell,209.78
SHL,2025-06-05,Sell,560.82
PRVU,2025-06-05,Sell,208.42
NYADI,2025-06-05,Sell,427.69
SHEL,2025-06-05,Buy,270.55
SCB,2025-06-05,Sell,609.19
CGH,2025-06-05,Buy,898.91
SINDU,2025-06-05,Sell,848.16
NBL,2025-06-05,Sell,254.98
LBBL,2025-06-05,Sell,444.45
NICA,2025-06-04,Sell,353.97
HBL,2025-06-04,Sell,224.98
NLIC,2025-06-04,Sell,755.33
SANIMA,2025-06-04,Sell,313.91
KSBBL,2025-06-04,Sell,447.75
ADBL,2025-06-04,Sell,290.21
NABIL,2025-06-04,Sell,491.11
NMB,2025-06-04,Sell,241.48
MBL,2025-06-04,Sell,220.16
UPPER,2025-06-03,Sell,199.99
SHEL,2025-06-03,Sell,265.07
UMRH,2025-06-03,Sell,554.15
PCBL,2025-06-03,Sell,244.33
SHINE,2025-06-03,Sell,403.21
SADBL,2025-06-03,Sell,412.16
CHCL,2025-06-03,Sell,488.37
SPDL,2025-06-03,Sell,358.21
PFL,2025-06-03,Sell,406.72
NYADI,2025-06-03,Buy,441.89
NABBC,2025-06-03,Buy,1607.2
JBBL,2025-06-03,Sell,329.48
NLICL,2025-06-03,Sell,623.62
NRN,2025-06-03,Sell,2006.88
MLBL,2025-06-03,Sell,386.47
MNBBL,2025-06-03,Sell,362.5
MEN,2025-06-02,Sell,579.79
NIFRA,2025-06-02,Buy,290.36
GMFIL,2025-06-02,Sell,485.4
PFL,2025-06-02,Buy,413.06
HIDCL,2025-06-02,Buy,314.62
GBBL,2025-06-02,Sell,397.24
NLIC,2025-06-02,Buy,763.04
UPPER,2025-06-02,Buy,201.56
UMRH,2025-06-02,Buy,563.59
NRN,2025-06-02,Buy,2047.02
LBBL,2025-05-28,Buy,460.97
SHEL,2025-05-28,Buy,274.97
MLBL,2025-05-28,Buy,393.8
CHCL,2025-05-28,Buy,495.14
AHPC,2025-05-28,Buy,290.73
SPDL,2025-05-28,Buy,370.94
ICFC,2025-05-28,Sell,610.53
AKPL,2025-05-28,Buy,254.98
SAHAS,2025-05-27,Sell,516.66
MLBL,2025-05-27,Sell,390.24
GRDBL,2025-05-27,Buy,1231.8
UPPER,2025-05-27,Sell,200.59
SINDU,2025-05-27,Buy,877.88
PROFL,2025-05-27,Sell,493.53
JFL,2025-05-27,Sell,474.53
NLIC,2025-05-27,Sell,756.59
CGH,2025-05-26,Sell,865.24
NFS,2025-05-26,Sell,619.84
UPPER,2025-05-26,Buy,201.63
MFIL,2025-05-26,Sell,597.29
GUFL,2025-05-26,Sell,543.99
SINDU,2025-05-26,Sell,836.07
BFC,2025-05-26,Sell,487.66
EDBL,2025-05-26,Sell,591.38
CHDC,2025-05-26,Sell,2529.84
BPCL,2025-05-26,Buy,492.58
MPFL,2025-05-26,Sell,598.62
NRN,2025-05-26,Sell,2010.4
CORBL,2025-05-26,Buy,2185.36
OHL,2025-05-26,Sell,907.04
GRDBL,2025-05-26,Sell,1119.85
LBBL,2025-05-26,Sell,444.31
CORBL,2025-05-25,Sell,2120.37
NIFRA,2025-05-25,Sell,279.13
PFL,2025-05-25,Sell,408.27
RLFL,2025-05-25,Sell,487.32
ALICL,2025-05-25,Sell,716.37
HIDCL,2025-05-25,Sell,295.38
UPPER,2025-05-25,Sell,201.08
SFCL,2025-05-25,Sell,485.83
TRH,2025-05-22,Sell,966.88
NICA,2025-05-22,Buy,370.91
DHPL,2025-05-22,Sell,347.39
AKPL,2025-05-22,Sell,244.04
KKHC,2025-05-22,Sell,347.12
CHCL,2025-05-22,Sell,486.11
MDB,2025-05-22,Sell,604.1
GHL,2025-05-22,Sell,252.22
NGPL,2025-05-21,Buy,378.56
NIFRA,2025-05-21,Buy,283.13
JOSHI,2025-05-21,Sell,396.03
AKPL,2025-05-21,Buy,246.52
NFS,2025-05-21,Buy,632.76
CHCL,2025-05-21,Buy,490.0
SAPDBL,2025-05-21,Buy,906.72
CORBL,2025-05-21,Buy,2222.16
SBI,2025-05-21,Buy,390.42
SINDU,2025-05-21,Buy,921.11
RLFL,2025-05-21,Buy,491.99
HDHPC,2025-05-21,Sell,203.96
AKJCL,2025-05-21,Sell,207.94
HIDCL,2025-05-21,Buy,301.03
GFCL,2025-05-21,Sell,648.93
GRDBL,2025-05-21,Buy,1177.56
SHEL,2025-05-21,Sell,270.56
KKHC,2025-05-21,Buy,350.48
GUFL,2025-05-21,Buy,554.64
DHPL,2025-05-21,Buy,358.63
NLIC,2025-05-20,Buy,761.61
ALICL,2025-05-20,Buy,730.34
SHEL,2025-05-20,Buy,276.18
MDB,2025-05-20,Buy,619.59
CHDC,2025-05-20,Buy,2595.54
PROFL,2025-05-20,Buy,504.84
SCB,2025-05-20,Buy,608.71
NABIL,2025-05-20,Buy,488.16
HDHPC,2025-05-20,Buy,207.12
MEN,2025-05-20,Buy,574.82
CZBIL,2025-05-20,Buy,206.07
SHINE,2025-05-20,Buy,413.36
HBL,2025-05-20,Buy,222.77
PRVU,2025-05-20,Buy,204.58
GMFIL,2025-05-20,Buy,493.69
MPFL,2025-05-20,Buy,614.06
BFC,2025-05-20,Buy,496.44
MFIL,2025-05-20,Buy,604.08
SFCL,2025-05-20,Buy,499.51
NBL,2025-05-20,Buy,252.72
UPPER,2025-05-20,Buy,203.18
KBL,2025-05-20,Buy,203.08
MBL,2025-05-20,Buy,218.77
PFL,2025-05-20,Buy,420.32
GFCL,2025-05-20,Buy,656.69
UPCL,2025-05-20,Buy,420.44
EDBL,2025-05-20,Buy,603.99
NMB,2025-05-20,Buy,244.63
JOSHI,2025-05-20,Buy,405.36
AKJCL,2025-05-20,Buy,211.63
GBBL,2025-05-20,Buy,404.01
NRN,2025-05-20,Buy,2070.59
ADBL,2025-05-20,Buy,289.4
EBL,2025-05-19,Buy,623.15
GBBL,2025-05-19,Sell,393.92
UPCL,2025-05-19,Sell,398.68
TPC,2025-05-19,Sell,381.7
JOSHI,2025-05-19,Sell,381.91
GBIME,2025-05-19,Buy,218.72
JFL,2025-05-19,Buy,476.48
GHL,2025-05-19,Buy,262.11
PCBL,2025-05-19,Buy,243.68
SAHAS,2025-05-19,Buy,523.14
NABIL,2025-05-18,Sell,480.49
MFIL,2025-05-18,Sell,592.58
EDBL,2025-05-18,Sell,578.04
JFL,2025-05-18,Sell,466.55
PFL,2025-05-18,Sell,406.91
SHINE,2025-05-18,Sell,402.96
DHPL,2025-05-18,Sell,339.08
LICN,2025-05-18,Sell,925.34
CHL,2025-05-18,Sell,318.0
TRH,2025-05-15,Buy,998.37
CHDC,2025-05-15,Sell,2527.06
HURJA,2025-05-15,Sell,255.37
SAHAS,2025-05-15,Sell,513.51
CORBL,2025-05-15,Sell,2100.46
KKHC,2025-05-15,Sell,343.48
NGPL,2025-05-15,Sell,367.63
BPCL,2025-05-15,Sell,463.73
MDB,2025-05-15,Sell,603.4
AHPC,2025-05-14,Sell,284.73
CHCL,2025-05-14,Sell,482.02
LEC,2025-05-14,Sell,215.63
UPPER,2025-05-14,Sell,199.9
SPDL,2025-05-14,Sell,375.43
UNHPL,2025-05-14,Sell,333.32
MPFL,2025-05-14,Sell,594.91
MHNL,2025-05-14,Sell,263.71
API,2025-05-14,Sell,295.76
SHPC,2025-05-14,Sell,571.16
GFCL,2025-05-14,Sell,647.54
ADBL,2025-05-14,Sell,281.08
AKJCL,2025-05-14,Sell,206.59
NLICL,2025-05-14,Buy,622.28
SHEL,2025-05-14,Sell,265.97
NRN,2025-05-14,Sell,2020.6
KPCL,2025-05-14,Sell,524.15
PPCL,2025-05-14,Sell,337.6
TRH,2025-05-14,Sell,956.74
AKPL,2025-05-14,Sell,242.4
GLH,2025-05-14,Sell,260.65
HDHPC,2025-05-14,Sell,202.58
SJCL,2025-05-13,Sell,325.85
RLFL,2025-05-13,Sell,488.43
CORBL,2025-05-13,Buy,2279.42
CZBIL,2025-05-13,Sell,199.47
NHPC,2025-05-13,Sell,223.93
KBL,2025-05-13,Sell,197.26
MDB,2025-05-13,Buy,610.03
EDBL,2025-05-13,Buy,602.32
LICN,2025-05-13,Buy,973.5
PROFL,2025-05-13,Sell,496.93
SSHL,2025-05-13,Sell,233.19
GBIME,2025-05-13,Sell,216.19
EBL,2025-05-13,Sell,615.86
BFC,2025-05-13,Sell,486.56
SFCL,2025-05-13,Sell,489.28
PRVU,2025-05-13,Sell,199.12
SIFC,2025-05-13,Sell,498.69
MEN,2025-05-13,Sell,567.62
GMFIL,2025-05-13,Sell,477.97
RHPL,2025-05-13,Sell,394.73
GUFL,2025-05-13,Sell,547.25
NLICL,2025-05-11,Sell,612.45
NABIL,2025-05-11,Buy,485.65
OHL,2025-05-11,Buy,901.8
MNBBL,2025-05-11,Buy,357.97
TRH,2025-05-11,Buy,996.4
SPC,2025-05-11,Sell,526.92
PMHPL,2025-05-11,Sell,310.42
ALICL,2025-05-11,Sell,723.65
GHL,2025-05-11,Sell,259.99
CGH,2025-05-11,Buy,889.52
SBL,2025-05-11,Buy,271.24
GHL,2025-05-08,Buy,268.6
SFCL,2025-05-08,Buy,516.89
MPFL,2025-05-08,Buy,636.99
DHPL,2025-05-08,Buy,364.73
KKHC,2025-05-08,Buy,351.54
MFIL,2025-05-08,Buy,632.2
GFCL,2025-05-08,Buy,675.6
CHL,2025-05-08,Buy,504.9
PROFL,2025-05-08,Buy,525.66
JFL,2025-05-08,Buy,501.29
JOSHI,2025-05-08,Buy,380.76
NLICL,2025-05-08,Buy,620.07
RLFL,2025-05-08,Buy,517.39
SIFC,2025-05-08,Buy,534.45
GMFIL,2025-05-08,Buy,509.03
GUFL,2025-05-08,Buy,573.21
ICFC,2025-05-08,Buy,653.1
BFC,2025-05-08,Buy,514.3
SHINE,2025-05-08,Buy,405.16
MLBL,2025-05-08,Buy,378.68
CHDC,2025-05-07,Buy,2581.4
ADBL,2025-05-07,Buy,286.33
LBBL,2025-05-07,Buy,409.09
SANIMA,2025-05-07,Buy,307.33
KSBBL,2025-05-07,Buy,440.66
SADBL,2025-05-07,Buy,400.05
EBL,2025-05-07,Buy,622.28
PRVU,2025-05-07,Buy,205.63
KBL,2025-05-07,Buy,204.22
GBBL,2025-05-07,Buy,396.89
RHPL,2025-05-07,Buy,406.62
SPC,2025-05-07,Buy,538.58
PMHPL,2025-05-07,Buy,316.57
CZBIL,2025-05-07,Buy,207.05
PPCL,2025-05-07,Buy,347.48
PFL,2025-05-07,Buy,421.36
MHNL,2025-05-07,Buy,273.02
JBBL,2025-05-07,Buy,330.74
MEN,2025-05-07,Buy,586.07
SJCL,2025-05-07,Buy,340.69
GBIME,2025-05-07,Buy,220.84
ALICL,2025-05-07,Buy,736.57
UPPER,2025-05-07,Buy,212.5
HDHPC,2025-05-07,Buy,211.24
TPC,2025-05-06,Buy,570.94
KPCL,2025-05-06,Buy,549.28
PPCL,2025-05-06,Sell,339.75
SSHL,2025-05-06,Buy,236.59
HPPL,2025-05-06,Sell,551.17
CORBL,2025-05-05,Sell,2206.0
UPPER,2025-05-05,Sell,197.67
HIDCL,2025-05-05,Sell,304.38
BARUN,2025-05-05,Sell,551.81
SSHL,2025-05-05,Sell,232.69
PMHPL,2025-05-05,Sell,306.27
RHPL,2025-05-05,Sell,388.95
HDHPC,2025-05-05,Sell,200.33
HPPL,2025-05-04,Buy,645.85
SSHL,2025-05-04,Buy,236.26
SJCL,2025-05-04,Sell,326.1
UPPER,2025-05-04,Buy,199.95
CHCL,2025-05-04,Buy,492.91
SAHAS,2025-05-04,Buy,503.63
CHDC,2025-04-30,Sell,2522.88
UNHPL,2025-04-30,Buy,339.17
GFCL,2025-04-30,Sell,651.56
NIFRA,2025-04-30,Sell,290.41
TPC,2025-04-30,Sell,557.33
SJCL,2025-04-29,Buy,328.5
MHNL,2025-04-29,Sell,266.64
UPPER,2025-04-29,Sell,198.51
CORBL,2025-04-29,Buy,2376.63
UNHPL,2025-04-29,Sell,326.6
GFCL,2025-04-29,Buy,662.33
RHPL,2025-04-29,Buy,408.73
EBL,2025-04-29,Sell,615.95
GRDBL,2025-04-29,Sell,1295.33
HDHPC,2025-04-28,Buy,202.56
GRDBL,2025-04-28,Buy,1404.31
UPPER,2025-04-28,Buy,200.71
SAPDBL,2025-04-28,Sell,1055.59
AKJCL,2025-04-28,Buy,206.88
CHL,2025-04-28,Sell,458.93
CHCL,2025-04-28,Sell,482.39
SJCL,2025-04-28,Sell,325.21
SANIMA,2025-04-28,Sell,304.99
RHPL,2025-04-28,Sell,389.46
HURJA,2025-04-27,Buy,245.05
SJCL,2025-04-27,Buy,328.69
CORBL,2025-04-27,Sell,2192.78
SHL,2025-04-27,Buy,502.71
AKPL,2025-04-27,Buy,235.85
API,2025-04-27,Buy,292.34
SAPDBL,2025-04-27,Buy,1153.02
SHEL,2025-04-27,Buy,255.65
LEC,2025-04-27,Buy,213.81
SPC,2025-04-27,Sell,534.37
NBL,2025-04-27,Sell,251.07
CHCL,2025-04-27,Buy,489.72
CGH,2025-04-24,Sell,862.33
HURJA,2025-04-24,Sell,240.58
KKHC,2025-04-24,Sell,345.96
GRDBL,2025-04-24,Sell,1294.03
LEC,2025-04-24,Sell,210.75
SHL,2025-04-24,Sell,495.98
SSHL,2025-04-24,Sell,230.72
NLIC,2025-04-24,Sell,773.76
API,2025-04-24,Sell,281.03
AKJCL,2025-04-24,Sell,204.27
SAPDBL,2025-04-24,Sell,1089.67
NHDL,2025-04-24,Sell,787.92
RURU,2025-04-23,Sell,715.68
JOSHI,2025-04-23,Sell,378.33
SJCL,2025-04-23,Sell,323.33
MDB,2025-04-23,Sell,618.11
AKPL,2025-04-23,Sell,227.93
HDHPC,2025-04-23,Sell,198.57
CHCL,2025-04-23,Sell,475.11
SHEL,2025-04-23,Sell,250.69
KPCL,2025-04-23,Sell,532.31
SAHAS,2025-04-23,Sell,501.55
GBBL,2025-04-23,Sell,396.41
KSBBL,2025-04-23,Sell,437.55
UMRH,2025-04-23,Sell,601.09
SHINE,2025-04-23,Sell,404.99
NABIL,2025-04-23,Sell,486.77
JBBL,2025-04-22,Sell,334.87
NLIC,2025-04-22,Buy,782.15
PCBL,2025-04-22,Sell,249.48
OHL,2025-04-22,Sell,877.9
GBIME,2025-04-22,Sell,219.18
MNBBL,2025-04-22,Sell,360.7
SBI,2025-04-22,Sell,416.03
NLICL,2025-04-22,Sell,623.6
UPPER,2025-04-22,Sell,199.73
NMB,2025-04-21,Sell,249.79
NLIC,2025-04-21,Sell,772.36
MBL,2025-04-21,Sell,225.89
GFCL,2025-04-21,Sell,662.19
EDBL,2025-04-21,Sell,626.15
HPPL,2025-04-21,Sell,601.78
MEN,2025-04-21,Sell,583.29
SBL,2025-04-21,Sell,280.22
ADBL,2025-04-21,Sell,287.56
GUFL,2025-04-21,Sell,585.96
OHL,2025-04-21,Buy,898.0
SADBL,2025-04-21,Sell,403.94
CFCL,2025-04-20,Sell,584.84
SIFC,2025-04-20,Sell,527.91
SFCL,2025-04-20,Sell,530.63
CZBIL,2025-04-20,Sell,209.51
MKJC,2025-04-20,Sell,555.02
TRH,2025-04-20,Sell,1026.95
MLBL,2025-04-20,Sell,390.34
LBBL,2025-04-20,Sell,411.65
MFIL,2025-04-20,Sell,602.24
OHL,2025-04-20,Sell,879.95
PRVU,2025-04-20,Sell,209.57
NICA,2025-04-20,Sell,369.81
GHL,2025-04-20,Sell,272.69
CHL,2025-04-20,Buy,473.15
SCB,2025-04-20,Sell,630.07
KBL,2025-04-20,Sell,205.96
HBL,2025-04-20,Sell,233.62
ADBL,2025-04-17,Buy,291.96
HBL,2025-04-17,Buy,237.79
UMRH,2025-04-17,Buy,631.73
PRVU,2025-04-17,Buy,212.86
KBL,2025-04-17,Buy,211.03
CZBIL,2025-04-17,Buy,212.68
SHINE,2025-04-17,Buy,417.79
NLICL,2025-04-17,Buy,640.3
MLBL,2025-04-17,Buy,399.54
PCBL,2025-04-17,Buy,262.24
OHL,2025-04-17,Buy,889.0
GMFIL,2025-04-17,Sell,506.05
MFIL,2025-04-17,Buy,609.25
MNBBL,2025-04-17,Buy,365.46
NHDL,2025-04-17,Buy,815.05
SFCL,2025-04-17,Buy,541.03
SCB,2025-04-17,Buy,635.87
CHCL,2025-04-16,Buy,483.45
MEN,2025-04-16,Buy,588.31
GBIME,2025-04-16,Buy,219.83
CZBIL,2025-04-16,Sell,209.73
SADBL,2025-04-16,Buy,407.08
HURJA,2025-04-16,Buy,245.76
RURU,2025-04-16,Buy,741.18
UPPER,2025-04-16,Buy,201.22
AKJCL,2025-04-16,Buy,207.68
NMB,2025-04-16,Buy,254.39
GHL,2025-04-16,Buy,282.21
TPC,2025-04-16,Buy,534.05
GLH,2025-04-16,Buy,247.41
SBL,2025-04-16,Buy,288.77
LEC,2025-04-16,Buy,215.24
CGH,2025-04-16,Buy,869.79
EDBL,2025-04-16,Buy,661.03
BPCL,2025-04-16,Buy,408.71
MBL,2025-04-16,Buy,227.89
SHEL,2025-04-16,Buy,257.68
SPC,2025-04-16,Buy,544.51
JBBL,2025-04-16,Buy,342.0
HDHPC,2025-04-16,Buy,204.41
MDB,2025-04-16,Buy,629.55
SAPDBL,2025-04-16,Buy,1173.65
API,2025-04-15,Buy,283.48
AHPC,2025-04-15,Buy,259.29
RHPL,2025-04-15,Buy,386.41
KKHC,2025-04-15,Buy,346.81
SJCL,2025-04-15,Buy,324.77
SSHL,2025-04-15,Buy,232.53
GMFIL,2025-04-15,Buy,514.08
MHNL,2025-04-15,Buy,268.63
NLIC,2025-04-15,Buy,781.2
SIFC,2025-04-15,Buy,536.15
AKPL,2025-04-15,Buy,231.08
PMHPL,2025-04-15,Buy,303.6
KPCL,2025-04-15,Buy,534.08
DHPL,2025-04-15,Sell,393.52
HPPL,2025-04-15,Buy,625.56
GUFL,2025-04-15,Buy,594.96
NHPC,2025-04-15,Buy,210.76
GRDBL,2025-04-15,Buy,1361.1
SANIMA,2025-04-15,Buy,303.14
LBBL,2025-04-15,Buy,427.09
CZBIL,2025-04-15,Buy,213.68
GFCL,2025-04-15,Buy,678.48
SAHAS,2025-04-15,Buy,501.76
SIFC,2025-04-13,Sell,525.99
SINDU,2025-04-13,Sell,1091.78
NYADI,2025-04-13,Sell,570.72
TRH,2025-04-13,Buy,1059.21
NIFRA,2025-04-13,Buy,276.51
SPDL,2025-04-13,Buy,329.28
KBL,2025-04-13,Sell,206.03
GMFIL,2025-04-13,Sell,501.59
SSHL,2025-04-13,Sell,228.93
OHL,2025-04-13,Sell,876.24
BPCL,2025-04-13,Sell,398.99
CORBL,2025-04-13,Buy,1815.84
NBL,2025-04-13,Buy,251.0
HPPL,2025-04-10,Sell,600.78
BARUN,2025-04-10,Buy,522.63
HBL,2025-04-10,Sell,234.32
ADBL,2025-04-10,Sell,287.85
NABBC,2025-04-10,Sell,1777.71
GBBL,2025-04-10,Buy,395.07
KPCL,2025-04-10,Sell,522.06
DHPL,2025-04-10,Buy,407.83
SSHL,2025-04-10,Buy,232.01
CZBIL,2025-04-10,Sell,210.26
UNHPL,2025-04-10,Buy,315.67
EBL,2025-04-09,Buy,606.58
PPCL,2025-04-09,Buy,317.34
SIFC,2025-04-09,Buy,540.94
GMFIL,2025-04-09,Buy,517.82
NABIL,2025-04-09,Buy,486.27
SHL,2025-04-09,Buy,494.8
KPCL,2025-04-09,Buy,531.46
OHL,2025-04-09,Buy,898.83
NMB,2025-04-09,Sell,251.73
KSBBL,2025-04-09,Buy,440.95
JOSHI,2025-04-09,Buy,384.66
MBL,2025-04-09,Sell,226.95
NGPL,2025-04-09,Buy,274.23
MEN,2025-04-08,Sell,580.15
NLIC,2025-04-08,Sell,775.4
SAHAS,2025-04-08,Sell,498.15
NABIL,2025-04-08,Sell,484.65
PCBL,2025-04-08,Sell,250.43
JOSHI,2025-04-08,Sell,373.06
PPCL,2025-04-08,Sell,313.85
GBIME,2025-04-08,Sell,218.5
SBL,2025-04-08,Sell,284.42
ALICL,2025-04-08,Sell,745.59
MKJC,2025-04-08,Buy,558.17
NIFRA,2025-04-08,Sell,269.29
TPC,2025-04-07,Sell,527.29
PMHPL,2025-04-07,Sell,288.79
BARUN,2025-04-07,Sell,505.45
SPC,2025-04-07,Sell,524.82
MPFL,2025-04-07,Sell,628.63
BFC,2025-04-07,Sell,556.95
API,2025-04-07,Sell,270.23
PROFL,2025-04-07,Sell,538.91
RLFL,2025-04-07,Sell,525.89
PFL,2025-04-07,Sell,423.22
NABBC,2025-04-07,Buy,1821.49
HURJA,2025-04-07,Sell,235.5
GMFIL,2025-04-07,Sell,500.08
MKJC,2025-04-07,Sell,536.48
UNHPL,2025-04-07,Sell,308.22
SFCL,2025-04-07,Sell,526.92
SANIMA,2025-04-07,Sell,299.96
NBL,2025-04-07,Sell,247.23
PRVU,2025-04-07,Sell,211.54
SIFC,2025-04-07,Sell,523.0
SHL,2025-04-07,Sell,479.09
NFS,2025-04-07,Sell,690.2
KKHC,2025-04-07,Sell,340.68
NLICL,2025-04-03,Sell,632.45
HDHPC,2025-04-03,Sell,199.17
NBL,2025-04-03,Buy,251.3
NABIL,2025-04-03,Buy,488.73
AKPL,2025-04-03,Sell,227.28
SHEL,2025-04-03,Sell,253.2
SANIMA,2025-04-03,Buy,302.75
SHL,2025-04-03,Buy,486.36
GUFL,2025-04-03,Sell,586.87
HBL,2025-04-03,Buy,238.92
UPCL,2025-04-03,Buy,295.69
GBIME,2025-04-03,Buy,222.99
JFL,2025-04-03,Sell,514.07
SSHL,2025-04-03,Sell,230.23
SSHL,2025-04-02,Buy,232.23
NFS,2025-04-02,Buy,722.96
SPC,2025-04-02,Buy,541.53
PCBL,2025-04-02,Buy,253.23
MKJC,2025-04-02,Buy,554.88
AKJCL,2025-04-02,Sell,204.72
HDHPC,2025-04-02,Buy,199.99
MBL,2025-04-02,Buy,227.84
CFCL,2025-04-02,Buy,613.6
LEC,2025-04-02,Sell,210.15
BFC,2025-04-02,Buy,574.55
PFL,2025-04-02,Buy,441.04
GUFL,2025-04-02,Buy,598.31
PRVU,2025-04-02,Buy,213.97
JFL,2025-04-02,Buy,523.59
SHEL,2025-04-02,Buy,254.17
API,2025-04-02,Buy,278.86
MEN,2025-04-02,Buy,588.15
MPFL,2025-04-02,Buy,661.95
HDHPC,2025-04-01,Sell,199.73
HBL,2025-04-01,Sell,233.23
PFL,2025-04-01,Sell,431.5
KKHC,2025-04-01,Buy,350.31
SINDU,2025-04-01,Buy,1138.73
MBL,2025-04-01,Sell,225.93
MHNL,2025-04-01,Sell,263.81
ADBL,2025-04-01,Buy,288.99
SAHAS,2025-04-01,Buy,503.78
UMHL,2025-04-01,Buy,440.38
UNHPL,2025-04-01,Buy,314.06
SHEL,2025-04-01,Sell,251.66
AHPC,2025-04-01,Sell,252.49
PPCL,2025-04-01,Buy,316.9
TPC,2025-04-01,Buy,535.49
RADHI,2025-04-01,Buy,407.21
HBL,2025-03-30,Buy,237.98
MBL,2025-03-30,Buy,228.85
LEC,2025-03-30,Buy,214.56
PROFL,2025-03-30,Buy,558.71
KBL,2025-03-30,Buy,207.41
HIDCL,2025-03-30,Buy,276.91
SBI,2025-03-30,Buy,416.89
NLICL,2025-03-30,Buy,649.41
MHNL,2025-03-30,Buy,271.34
NIFRA,2025-03-30,Buy,277.73
CHDC,2025-03-30,Buy,2332.35
NMB,2025-03-30,Buy,257.24
HPPL,2025-03-30,Buy,601.16
AHPC,2025-03-30,Buy,258.05
HURJA,2025-03-30,Buy,245.32
PFL,2025-03-30,Buy,440.32
AKJCL,2025-03-30,Buy,207.03
AKPL,2025-03-30,Buy,232.98
JOSHI,2025-03-30,Buy,393.26
SIFC,2025-03-30,Buy,541.7
CZBIL,2025-03-30,Buy,211.94
SHPC,2025-03-30,Buy,479.9
NICA,2025-03-30,Buy,376.42
RLFL,2025-03-30,Buy,546.89
BPCL,2025-03-30,Buy,400.14
SHEL,2025-03-30,Buy,257.58
GMFIL,2025-03-30,Buy,516.41
SFCL,2025-03-30,Buy,561.01
HDHPC,2025-03-30,Buy,201.92
NYADI,2025-03-30,Buy,596.4
GRDBL,2025-03-30,Sell,1335.91
PMHPL,2025-03-30,Buy,298.93
BARUN,2025-03-27,Buy,514.49
SBL,2025-03-27,Buy,289.62
UMHL,2025-03-27,Sell,435.85
NLIC,2025-03-27,Buy,784.14
GRDBL,2025-03-27,Buy,1424.93
ALICL,2025-03-27,Buy,757.9
NRN,2025-03-27,Buy,1495.89
GRDBL,2025-03-25,Sell,1371.35
SINDU,2025-03-25,Sell,1062.2
NABBC,2025-03-25,Sell,1759.94
DHPL,2025-03-25,Sell,382.75
SINDU,2025-03-23,Buy,1149.55
PPCL,2025-03-23,Sell,313.36
HPPL,2025-03-23,Sell,584.67
GHL,2025-03-23,Sell,282.66
GRDBL,2025-03-19,Buy,1437.6
HPPL,2025-03-18,Buy,633.0
PPCL,2025-03-18,Buy,331.3
MLBL,2025-03-18,Sell,416.6
BARUN,2025-03-18,Sell,514.2
JBBL,2025-03-16,Sell,358.0
SADBL,2025-03-16,Sell,421.0
KSBBL,2025-03-16,Sell,451.0
GBBL,2025-03-16,Sell,404.8
SAPDBL,2025-03-12,Sell,1205.0
GRDBL,2025-03-12,Sell,1366.0
NLICL,2025-03-11,Sell,642.9
JBBL,2025-03-11,Buy,370.0
MHNL,2025-03-11,Sell,279.7
PPCL,2025-03-11,Sell,319.0
NLIC,2025-03-11,Sell,780.0
UPCL,2025-03-11,Sell,304.9
GRDBL,2025-03-11,Buy,1421.0
SADBL,2025-03-11,Buy,434.1
HPPL,2025-03-11,Sell,586.0
GBIME,2025-03-11,Sell,226.8
RURU,2025-03-11,Sell,775.0
SSHL,2025-03-11,Sell,239.0
AKJCL,2025-03-11,Sell,207.9
NMB,2025-03-11,Sell,256.0
CHDC,2025-03-11,Sell,2224.0
LEC,2025-03-10,Sell,216.5
LBBL,2025-03-10,Sell,459.2
HBL,2025-03-10,Sell,238.8
PCBL,2025-03-10,Sell,258.0
API,2025-03-10,Sell,286.0
SHINE,2025-03-10,Sell,429.0
PFL,2025-03-10,Sell,459.0
SHEL,2025-03-10,Sell,260.2
JBBL,2025-03-10,Sell,358.0
MNBBL,2025-03-10,Sell,375.4
SINDU,2025-03-10,Sell,1115.0
SADBL,2025-03-10,Sell,421.0
NICA,2025-03-10,Sell,382.0
SJCL,2025-03-10,Sell,350.0
HDHPC,2025-03-10,Sell,207.0
GLH,2025-03-10,Sell,256.0
SBL,2025-03-09,Sell,292.0
UPPER,2025-03-09,Sell,207.8
NHPC,2025-03-09,Sell,221.0
CZBIL,2025-03-09,Sell,216.1
SAHAS,2025-03-09,Sell,512.0
CGH,2025-03-09,Sell,897.0
NABIL,2025-03-09,Sell,495.0
SANIMA,2025-03-09,Sell,309.5
OHL,2025-03-09,Sell,958.0
NBL,2025-03-09,Sell,260.0
HIDCL,2025-03-09,Sell,279.0
HURJA,2025-03-09,Sell,252.3
UNHPL,2025-03-09,Sell,340.0
ADBL,2025-03-09,Sell,297.0
NIFRA,2025-03-09,Sell,281.9
RADHI,2025-03-09,Sell,402.9
EBL,2025-03-09,Sell,618.0
MEN,2025-03-09,Sell,601.0
NRN,2025-03-09,Sell,1475.0
AHPC,2025-03-09,Sell,267.0
JFL,2025-03-09,Sell,560.0
SJCL,2025-03-09,Buy,364.0
PMHPL,2025-03-09,Sell,313.0
AKPL,2025-03-09,Sell,239.8
MBL,2025-03-09,Sell,234.0
KBL,2025-03-09,Sell,211.4
KKHC,2025-03-09,Sell,375.0
MFIL,2025-03-09,Sell,643.0
MLBL,2025-03-06,Buy,429.0
NGPL,2025-03-06,Sell,286.5
NHDL,2025-03-06,Sell,904.0
NFS,2025-03-06,Sell,781.0
ALICL,2025-03-06,Sell,781.0
PRVU,2025-03-06,Sell,223.9
BPCL,2025-03-06,Sell,420.0
LICN,2025-03-06,Sell,1180.0
SBI,2025-03-06,Sell,423.5
GFCL,2025-03-06,Sell,737.2
SHPC,2025-03-06,Sell,499.0
SHL,2025-03-06,Sell,500.0
PROFL,2025-03-05,Sell,590.0
MLBL,2025-03-05,Sell,397.8
ICFC,2025-03-05,Sell,654.0
SCB,2025-03-05,Sell,663.0
GUFL,2025-03-05,Sell,639.8
TRH,2025-03-05,Sell,1120.0
CFCL,2025-03-05,Sell,622.1
SIFC,2025-03-05,Sell,566.0
SJCL,2025-03-05,Sell,353.0
CHCL,2025-03-05,Sell,522.8
GRDBL,2025-03-05,Sell,1360.0
GMFIL,2025-03-05,Sell,544.5
HPPL,2025-03-04,Buy,615.0
CHL,2025-03-04,Sell,526.0
JOSHI,2025-03-04,Sell,416.9
SFCL,2025-03-04,Sell,596.0
RLFL,2025-03-04,Sell,599.0
MPFL,2025-03-04,Sell,704.0
SPDL,2025-03-04,Sell,358.0
BFC,2025-03-04,Sell,638.0
TPC,2025-03-04,Sell,590.0
GRDBL,2025-03-04,Buy,1459.9
MDB,2025-03-03,Sell,710.0
MKJC,2025-03-03,Sell,585.0
SAPDBL,2025-03-03,Buy,1264.0
ICFC,2025-03-02,Buy,675.8
MFIL,2025-03-02,Buy,675.0
SHINE,2025-03-02,Buy,450.0
SFCL,2025-03-02,Buy,625.0
GMFIL,2025-03-02,Buy,567.1
PMHPL,2025-03-02,Buy,333.0
GFCL,2025-03-02,Buy,770.0
JOSHI,2025-03-02,Buy,424.9
KKHC,2025-03-02,Buy,384.0
SIFC,2025-03-02,Buy,596.0
RLFL,2025-03-02,Buy,629.0
SPDL,2025-03-02,Buy,367.0
MDB,2025-03-02,Buy,725.0
SHL,2025-03-02,Buy,518.0
MKJC,2025-03-02,Buy,594.0
TRH,2025-03-02,Buy,1167.0
MLBL,2025-03-02,Buy,412.0
BFC,2025-03-02,Buy,658.0
TPC,2025-03-02,Buy,623.0
MPFL,2025-03-02,Buy,725.0
RADHI,2025-03-02,Buy,418.1
SIFC,2025-02-27,Sell,570.0
AHPC,2025-02-27,Buy,268.1
AKJCL,2025-02-27,Buy,217.9
AKPL,2025-02-27,Buy,241.0
GMFIL,2025-02-27,Sell,545.0
GLH,2025-02-27,Buy,270.1
SSHL,2025-02-27,Buy,245.9
GBBL,2025-02-27,Buy,404.0
SINDU,2025-02-27,Buy,1154.9
CHCL,2025-02-27,Buy,540.0
SJCL,2025-02-27,Buy,356.0
SHPC,2025-02-27,Buy,505.0
BARUN,2025-02-27,Buy,486.0
NHPC,2025-02-27,Buy,228.0
HDHPC,2025-02-27,Buy,213.0
MEN,2025-02-27,Buy,603.5
NGPL,2025-02-27,Buy,294.7
PPCL,2025-02-27,Buy,320.0
NABIL,2025-02-27,Buy,501.8
MNBBL,2025-02-27,Buy,376.0
RLFL,2025-02-27,Sell,594.0
MHNL,2025-02-27,Buy,278.5
UPCL,2025-02-27,Buy,306.9
UNHPL,2025-02-27,Buy,354.0
SCB,2025-02-27,Buy,672.3
LEC,2025-02-27,Buy,225.3
LBBL,2025-02-27,Buy,459.9
KSBBL,2025-02-27,Buy,455.0
SAHAS,2025-02-27,Buy,506.8
JBBL,2025-02-27,Buy,360.2
HURJA,2025-02-27,Buy,261.9
UPPER,2025-02-27,Buy,209.7
ADBL,2025-02-27,Buy,303.0
