Ticker,Stock name,Sector,EPS,PE ratio,PB ratio,RSI,T Rev L,T Rev P,Gross Profit L,Gross Profit P,Net Profit L,Net Profit P,% change in Net Profit,Eps Annualized L,Eps Annualized P,Book Value Per Share L,Book Value Per Share P,Total Asset L,Total Asset P,Total Liabilities L,Total Liabilities P,Paid Up Capital L,Paid Up Capital P,Reserves L,Reserves P
ACLBSL,Aarambha Chautari Laghubitta Bittiya Sanstha Limited,Microcredit,8.94,104.02,5.91,39.35,203534.78,717998.03,111339.65,370265.61,8206.54,94418.61,,8.94,25.72,157.43,156.18,6328553.46,6145253.29,5750551.33,5571858.96,367143.41,367143.41,210858.72,206250.92
ADBL,Agriculture Development Bank,Commercial Banks,-2.19,-134.62,1.23,50.58,5495815.26,22822486.83,2424395.43,9821484.0,5738.89,4154475.79,,-2.19,27.63,239.52,243.4,377307473.6,362502073.7,338688199.2,323346135.0,19287936.3,19287936.3,19331338.12,19868002.41
AHL,Asian Hydropower Limited,Hydro Power,17.32,31.58,6.06,30.98,51964.86,136437.4,45331.81,114066.63,14721.88,-28161.04,,17.32,-8.28,90.26,86.84,1307582.69,1316699.92,1000707.54,1021444.47,340000.0,340000.0,-33124.85,-44744.55
AHPC,Arun Valley Hydropower Development,Hydro Power,4.71,58.37,2.43,43.3,87502.71,274746.58,76673.0,223576.61,45323.28,448137.55,,4.71,11.65,113.05,112.25,4741439.13,4753669.67,391146.18,434428.19,3848003.0,3848003.0,502289.95,471238.48
AKJCL,Ankhu Khola Jalvidhyut Company Ltd.,Hydro Power,5.78,32.32,2.03,51.51,73026.5,169699.69,60968.97,132583.04,28913.71,41037.98,,5.78,2.05,91.95,90.41,2615088.29,2617012.03,776038.5,808840.2,2000000.0,2000000.0,-160950.21,-191828.17
AKPL,Arun Kabeli Power Ltd.,Hydro Power,5.96,41.47,2.44,54.72,194287.27,632291.37,182040.45,551485.16,58006.07,170156.45,,5.96,4.37,101.21,99.75,6437912.54,6416612.73,2494681.65,2530315.82,3895942.1,3895942.1,47288.8,-9645.19
ALBSL,Asha Laghubitta Bittiya Sanstha Ltd,Microcredit,12.18,96.79,6.7,75.93,345551.08,1473430.16,173802.54,738844.67,22322.11,209277.98,,12.18,28.55,175.91,172.9,11168127.09,11160015.33,9878640.58,9892574.57,733046.28,733046.28,556440.23,534394.47
ALICL,Asian Life Insurance,Life Insurance,12.64,36.76,3.89,49.0,3237067.54,13024260.52,524011.03,1717194.13,152513.04,409337.79,,12.64,12.04,130.12,135.05,57460842.1,56229793.27,51178897.36,51638176.02,4827767.56,3399836.31,941421.71,805685.1
ANLB,Aatmanirbhar Laghubitta Bittiya Sanstha Limited,Microcredit,58.53,104.21,15.05,43.65,54844.45,215071.3,35706.53,135787.43,11464.43,44711.91,,58.53,57.07,405.31,384.82,1830448.24,1877469.52,1512914.23,1575987.22,78343.28,78343.28,239190.72,223139.01
API,Api Power,Hydro Power,17.3,16.91,2.55,58.78,538459.21,1651212.61,479201.77,1368504.01,262755.15,427659.23,,17.3,7.04,114.74,111.07,14501043.26,14015035.57,7529330.42,7266368.5,6075927.81,6075927.81,895785.04,672739.26
AVYAN,Aviyan Laghubitta Bittiya Sanstha Limited,Microcredit,12.98,71.27,7.33,33.99,108755.91,399648.74,50952.59,189044.69,8111.46,66050.2,,12.98,26.42,126.15,126.98,3725565.79,3665346.07,3410179.44,3347895.37,250000.0,250000.0,65386.35,67450.7
BANDIPUR,Bandipur Cablecar and Tourism Limited,Hotels,,,,71.46,,,,,,,,,,,,,,,,,,,
BARUN,,,7.25,43.97,2.92,47.75,39473.75,97021.47,33306.25,81251.99,18990.58,19855.21,,7.25,3.71,109.04,115.74,1440609.4,948224.0,298072.51,328090.43,1047786.7,535815.0,94750.19,84318.57
BBC,Bishal Bazar,Trading,,,,46.45,,,,,,,,,,,,,,,,,,,
BEDC,Bhugol Energy Development Company Limited,Hydro Power,7.64,70.63,10.78,43.94,30713.0,53774.31,28222.11,42931.39,10394.84,-29987.2,,7.64,-5.51,50.07,48.16,863446.33,857983.59,591057.86,595989.95,544053.4,544053.4,-271664.93,-282059.76
BFC,Best Finance,Finance,-24.58,-18.56,3.85,44.5,127848.98,563756.72,32206.09,139827.55,-54717.77,2077.5,,-24.58,0.23,118.55,125.04,7394627.7,7043460.91,6339040.54,5930031.06,890424.24,890424.24,165162.92,223005.62
BGWT,Bhagawati Hydropower Development Company Limited,Hydro Power,10.8,71.74,6.07,50.93,39258.69,156647.91,33715.24,133288.71,16066.88,66197.89,,10.8,11.13,127.6,120.38,979698.24,884176.08,220546.37,168007.84,594947.3,594947.3,164204.56,121220.94
BHCL,Bikash Hydropower Company Limited,Hydro Power,7.81,60.82,4.58,46.03,41572.31,152562.36,38188.74,138099.59,17754.48,39765.74,,7.81,4.37,103.77,0.0,1241080.55,0.0,297711.47,497230.24,909101.3,909101.3,34267.78,0.0
BHDC,Bindhyabasini Hydropower Development Company Limited,Hydro Power,30.87,15.49,4.09,42.74,166446.01,388379.35,162724.31,379000.23,87182.43,60389.43,,30.87,5.35,116.88,109.37,2929609.05,2875341.71,1609687.05,1639662.76,1129800.0,1129800.0,190756.32,105878.95
BHL,Balephi Hydropower Limited,Hydro Power,13.62,13.07,2.28,49.08,347858.38,829066.21,323991.09,600420.96,124475.36,-393999.49,,13.62,-10.78,78.02,74.61,8657035.48,8655661.86,5804842.69,5927944.43,3655940.0,3655940.0,-803747.21,-928222.57
BHPL,Barahi Hydropower Public Limited,Hydro Power,9.48,54.51,9.81,28.23,14637.93,29524.03,13347.37,27104.83,5927.83,-4682.09,,9.48,-1.87,52.7,52.69,377493.29,366246.33,245740.82,234511.83,250000.0,250000.0,-118247.53,-118265.5
BNHC,Buddha Bhumi Nepal Hydropower Company Limited,Hydro Power,7.28,60.47,5.69,49.48,50819.91,143781.6,49395.44,136243.43,7518.32,-22594.43,,7.28,-5.47,77.35,74.66,1350587.42,1366576.0,1030876.55,1057996.27,413304.4,413304.4,-93593.53,-104724.67
BNT,Bottlers Nepal (Terai),Manufacturing And Processing,905.3,13.37,3.85,60.93,2622779.0,7699956.0,933024.0,1741008.0,273853.0,-607572.0,,905.3,-502.13,3141.86,2920.77,9532726.0,8670966.0,5731081.0,5136829.0,121000.0,121000.0,3680645.0,3413137.0
BPCL,Butwal Power,Hydro Power,9.95,73.06,3.38,52.55,241214.0,733793.0,134450.0,312107.0,84802.0,226150.0,,9.95,6.63,215.04,212.69,8336439.0,8141520.0,1005514.0,890686.0,3409065.0,3409065.0,3921860.0,3841769.0
BUNGAL,Bungal Hydro Limited,Hydro Power,,,,60.62,,,,,,,,,,,,,,,,,,,
C30MF,Citizens Super 30 Mutual Fund,Mutual Fund,,,,,,,,,,,,,,,,,,,,,,,
CBBL,Chhimek Laghubitta Bikas Bank,Microcredit,33.46,31.22,3.93,65.85,1651153.23,6122253.02,755117.98,2819466.84,269002.8,1212874.5,,33.46,37.72,266.18,257.54,53735805.33,51769918.55,45177284.7,43489078.88,3215345.87,3215345.87,5343174.76,5065493.81
CBLD88,Civil Bank Debenture 2088,Bond,,,,54.7,,,,,,,,,,,,,,,,,,,
CFCL,Central Finance,Finance,7.78,61.35,4.17,49.31,148054.2,696918.97,37701.33,198871.2,18444.57,89148.1,,7.78,9.4,114.32,113.92,9164863.95,8839786.38,8080145.12,7758800.6,948875.46,948875.46,135843.37,132110.32
CGH,Chandragiri Hills Limited,Hotels,-3.24,-263.77,8.01,55.24,148996.63,932849.15,50933.28,539041.22,-12431.73,210895.5,,-3.24,13.75,106.8,107.61,3748301.63,3701440.77,2109838.33,2050545.75,1534091.0,1534091.0,104372.3,116804.03
CHCL,Chilime Hydropower,Hydro Power,9.38,53.49,3.79,58.76,353082.7,1124979.34,269080.99,858545.77,205841.81,679599.76,,9.38,7.74,132.45,130.59,12142825.57,11864367.36,510964.03,395747.06,8782396.92,8782396.92,2849464.62,2686223.38
CHDC,CEDB Holdings Limited,Organized Fund,60.55,37.04,10.76,45.59,160927.48,608464.23,158278.29,606863.42,156563.73,573502.14,,60.55,55.45,208.39,193.25,2165007.42,2015554.97,9766.24,16877.52,1034237.06,1034237.06,1121004.12,964440.39
CHL,Chhyangdi Hydropower Ltd.,Hydro Power,9.93,25.62,2.99,46.64,57700.82,140141.32,49246.52,108830.01,19207.03,-49710.31,,9.93,-12.85,85.16,51.42,1366572.42,1318838.67,707442.72,1119857.81,773955.0,386977.5,-114825.3,-187996.64
CIT,Citizen Investment Trust,Organized Fund,19.4,94.7,4.45,47.57,537202.0,2097409.0,458525.0,2038776.0,314328.0,1253569.0,,19.4,19.34,412.4,410.37,319155681.0,311066708.0,292425099.0,284467679.0,6481712.0,6481712.0,20248869.0,20117316.0
CITY,City Hotel Limited,Hotels,-13.3,-36.1,3.53,37.17,115535.89,522315.41,24284.01,150265.43,-55652.16,-198965.88,,-13.3,-11.89,135.99,80.83,5908122.77,5560623.7,3631721.29,4207530.36,1674000.0,1674000.0,602401.47,-320906.66
CIZBD90,10% Citizens Bank Debenture 2090,Bond,,,,64.49,,,,,,,,,,,,,,,,,,,
CKHL,Chirkhwa Hydropower Limited,Hydro Power,17.52,37.09,7.12,52.38,47273.92,118463.1,42878.47,97940.42,17524.3,-5436.26,,17.52,-1.36,91.32,91.08,1195412.61,1196615.48,830114.76,832282.66,400000.0,400000.0,-34702.15,-35667.18
CLI,Citizen Life Insurance Company Limited,Life Insurance,10.52,44.48,3.8,45.16,2715163.01,9198427.38,377457.12,1301350.59,131489.59,425013.15,,10.52,8.5,148.93,148.71,29607870.76,28094737.44,22161432.32,20659315.5,5000000.0,5000000.0,1156978.0,1039952.27
CMF2,Citizen Mutual Fund 2,Mutual Fund,,,,,,,,,,,,,,,,,,,,,,,
CORBL,Corporate Development Bank,Development Bank,2.22,711.52,11.57,44.25,56890.47,197714.82,23452.16,62366.3,2914.53,-16385.86,,2.22,-3.12,136.54,136.24,2717727.0,2866512.04,2000899.94,2151235.66,525000.0,525000.0,191827.05,190276.37
CREST,Crest Micro Life Insurance Limited,Life Insurance,2.98,403.76,11.44,41.4,111950.68,390922.61,35386.28,138865.83,5595.85,22709.28,,2.98,3.03,110.3,104.51,1143327.53,1026754.07,316068.98,242908.49,750000.0,750000.0,39839.82,23125.31
CYCL,CYC Nepal Laghubitta Bittiya Sanstha Limited,Microcredit,-21.88,-74.04,3.44,59.13,185220.08,890045.92,75502.79,450390.32,-14573.82,117478.31,,-21.88,44.09,471.51,277.17,7369513.44,7366206.02,6678831.42,6627747.89,266424.39,266424.39,989794.07,472033.73
CZBIL,Citizen Bank International,Commercial Banks,-5.97,-32.8,1.28,58.04,4066326.62,17309675.06,1666263.49,6364973.1,-220411.17,1293321.39,,-5.97,8.76,153.3,155.42,246348568.2,245377715.6,223707044.5,222423755.6,14769012.97,14769012.97,7872510.67,8184947.1
DDBL,Deprosc Laghubitta,Microcredit,43.29,20.33,3.98,57.75,927017.52,3495545.35,533543.99,1835858.44,202215.58,691154.54,,43.29,36.99,221.21,208.84,27135989.25,27123861.7,23003063.34,23222065.89,1868285.7,1868285.7,2264640.21,2033510.12
DHEL,Daramkhola Hydro Energy Limited,Hydro Power,,,,54.33,,,,,,,,,,,,,,,,,,,
DHPL,Dibyashwori Hydropower Ltd.,Hydro Power,17.51,16.9,38.07,51.79,34963.0,89929.0,33151.0,84212.0,11555.0,-4554.0,,17.51,-1.73,7.77,3.4,778457.0,783148.0,757938.0,774184.0,264000.0,264000.0,-243481.0,-255036.0
DLBS,Dhaulagiri Laghubitta Bittiya Sanstha Limited,Microcredit,7.8,171.82,7.8,48.94,73056.81,326102.9,34600.27,149081.38,2595.13,15208.42,,7.8,11.43,171.75,169.57,2641878.21,2613398.39,2413279.31,2387695.66,133100.0,133100.0,95498.9,92602.73
DOLTI,Dolti Power Company Limited,Hydro Power,14.23,36.43,8.41,47.08,47753.56,85121.14,43309.63,71329.55,19089.06,-28884.03,,14.23,-5.38,61.63,58.07,1085123.57,1041986.02,754501.13,730434.29,536486.0,536486.0,-205863.56,-224934.27
DORDI,Dordi Khola Jal Bidyut Company Limited,Hydro Power,1.7,148.09,2.38,42.16,74601.02,301108.65,66027.95,262293.88,8937.89,-70569.42,,1.7,-3.36,105.35,104.26,3501940.07,3587223.89,1280688.73,1398718.1,2108520.8,2099157.9,112730.54,89347.88
EBL,Everest Bank,Commercial Banks,36.44,18.04,2.57,60.09,5309342.0,20818988.0,2403897.0,9129388.0,1179274.0,4918165.0,,36.44,37.99,255.69,247.39,376327699.0,365205354.0,343229653.0,333181802.0,12944694.0,12944694.0,20153353.0,19078857.0
EBLD86,8.5% Everest Bank Limited Debenture 2086,Bond,,,,58.07,,,,,,,,,,,,,,,,,,,
EBLD91,Everest Bank Limited Debenture 2091,Bond,,,,54.01,,,,,,,,,,,,,,,,,,,
EBLEB89,"Everest Bank Limited Energy Bond, 2089",Bond,,,,54.98,,,,,,,,,,,,,,,,,,,
EDBL,Excel Development Bank,Development Bank,-28.74,-20.49,3.79,53.35,288436.91,1214838.53,133331.24,551380.03,-89796.91,40901.48,,-28.74,3.27,155.37,167.35,18674147.27,19170112.87,16732518.88,17078786.15,1249694.47,1249694.47,691933.91,841632.25
EHPL,Eastern Hydropower Limited,Hydro Power,11.57,34.39,5.25,38.92,48268.4,129392.65,44762.24,116613.45,17936.45,9587.45,,11.57,1.55,75.81,73.07,1103767.77,1097498.31,633742.96,644477.5,620000.0,620000.0,-149975.19,-166979.19
ENL,Emerging Nepal Limited,Organized Fund,-1.36,-662.49,8.33,48.09,513.66,14696.53,-1501.87,12043.38,-1894.32,5949.0,,-1.36,1.07,108.52,108.86,611043.45,612906.2,8096.1,8064.42,555600.0,555600.0,47347.34,49241.78
FMDBL,First Micro Finance Development Bank,Microcredit,5.01,156.24,5.9,43.4,103271.27,550473.35,44841.81,211769.26,16840.53,131726.81,,5.01,9.79,132.54,131.25,5802112.17,6764854.93,4019557.44,4999685.41,1344871.32,1344871.32,437683.41,420298.2
FOWAD,Forward Community Microfinance Bittiya Sanstha Ltd.,Microcredit,19.12,56.55,3.98,45.6,707666.54,2625949.2,333955.37,1055248.02,57153.55,65310.43,,19.12,5.46,271.79,249.65,22421067.17,22258516.1,19170597.3,19272820.9,1195953.71,1195953.71,2054516.16,1789741.49
GBBD85,"Garima Debenture, 2085",Bond,,,,58.16,,,,,,,,,,,,,,,,,,,
GBBL,Garima Bikas Bank,Development Bank,17.64,21.68,2.3,54.59,2053389.9,8422425.85,998594.65,3643300.59,250575.27,1310392.59,,17.64,23.07,166.38,164.17,104965367.9,104544980.8,95514005.41,95219035.34,5680517.33,5680517.33,3770845.14,3645428.16
,,,,,,,,,,,,,,,,,,,,,,,,,
,,,,,,,,,,,,,,,,,,,,,,,,,
GBIME,Global Ime Bank,Commercial Banks,19.51,11.79,1.28,57.96,10321005.0,43961495.0,4133063.0,16712277.0,1858651.0,6204745.0,,19.51,16.28,179.5,177.63,729628550.0,689746862.0,661210840.0,622041406.0,38115853.0,38115853.0,30301859.0,29589605.0
GBIMESY2,Global IME Sammunat Yojana -2,Mutual Fund,,,,,,,,,,,,,,,,,,,,,,,
GBLBS,Grameen Bikas Laghubitta,Microcredit,49.68,16.24,2.88,55.19,527844.67,1997956.37,335561.89,1167217.21,122027.52,314473.72,,49.68,32.01,280.45,293.35,14400050.39,14471984.51,11644624.86,11589866.42,982500.0,982500.0,1772925.53,1899618.09
GCIL,Ghorahi Cement Industry Limited,Manufacturing And Processing,-11.21,-36.66,2.21,52.12,911970.83,5079186.6,229569.77,1054323.8,-128020.83,-660379.55,,-11.21,-14.46,186.38,188.47,22327733.14,22692961.37,13814362.99,14084041.44,4567685.7,4567685.7,3945684.45,4041234.23
GFCL,Goodwill Finance,Finance,15.81,37.0,2.92,51.09,267979.91,1106971.33,73340.89,196760.63,37384.7,5119.39,,15.81,0.54,200.26,197.14,15022052.67,14718802.16,13127506.6,12853617.41,946115.2,946115.2,948530.87,919069.55
GHL,Ghalemdi Hydro Limited,Hydro Power,-4.22,-50.17,2.21,49.56,34479.08,123826.95,16380.79,93660.04,-17388.07,-33391.57,,-4.22,-2.02,95.63,96.28,2470485.67,2343308.1,892577.66,754661.41,1650000.0,1650000.0,-72091.99,-61353.31
GIBF1,Global IME Balanced Fund-1,Mutual Fund,,,,,,,,,,,,,,,,,,,,,,,
GILB,Global IME Laghubitta Bittiya Sanstha,Microcredit,40.19,29.56,5.4,38.6,373963.25,1351730.35,227419.68,759726.48,62179.33,235872.01,,40.19,38.11,220.09,215.35,10557264.19,10379976.77,9195153.05,9047165.94,618900.05,618900.05,743211.1,713910.78
GLBSL,Gurans Laghubitta Bittiya Sanstha,Microcredit,50.03,39.48,11.46,51.62,74336.39,263208.32,42946.75,132399.95,14488.97,39583.45,,50.03,34.17,172.27,156.79,2229853.54,2063162.7,2030280.01,1881525.72,115849.5,115849.5,83724.03,65787.48
GLH,GreenLife Hydropower Limited,Hydro Power,2.41,102.84,2.26,44.87,0.0,0.0,0.0,0.0,43390.9,25745.36,,2.41,1.91,109.77,108.79,10570643.15,10195841.63,8594862.95,8237706.98,1800000.0,1800000.0,175780.19,158134.65
GMFBS,Ganapati Microfinance Bittiya Sanstha,Microcredit,30.67,48.45,7.61,41.33,86877.38,331141.54,49041.91,172772.09,11621.77,42503.09,,30.67,28.04,195.32,177.45,2681064.75,2667909.9,2385052.07,2398980.68,151554.53,151554.53,144458.15,117374.69
GMFIL,Guheshowori Merchant Bank & Finance,Finance,-12.16,-37.82,2.92,48.42,167378.0,748672.0,50370.0,173053.0,-30766.0,27956.0,,-12.16,2.76,157.35,153.63,9998839.0,9864425.0,8406156.0,8309393.0,1012176.0,1012176.0,580507.0,542856.0
GMLI,Guardian Micro Life Insurance Limited,Life Insurance,3.78,451.27,16.56,31.64,128200.85,454601.03,514.95,152154.8,7084.62,60182.97,,3.78,8.02,106.08,107.73,1169642.9,1075808.55,374011.9,267855.85,750000.0,750000.0,22191.8,48157.74
GRDBL,Green Development Bank Ltd.,Development Bank,-21.17,-55.54,10.02,58.59,126750.41,540508.5,46101.86,202042.95,-30156.65,69408.39,,-21.17,12.18,117.31,122.11,7177311.38,7206325.64,6509003.7,6510665.47,569698.5,569698.5,98609.18,125961.67
GSY,Garima Samriddhi Yojana,Mutual Fund,,,,,,,,,,,,,,,,,,,,,,,
GUFL,Gurkhas Finance Ltd.,Finance,-19.55,-25.58,3.73,50.22,196118.65,838097.33,80071.07,250823.11,-42415.13,-127394.55,,-19.55,-14.68,134.18,142.45,10520874.62,10857291.12,9356238.88,9620873.77,867993.8,867993.8,296641.94,368423.55
GVL,Green Ventures Limited,Hydro Power,35.25,14.4,4.2,42.27,576092.88,1613643.98,419226.46,994438.84,302893.57,393582.29,,35.25,11.45,120.81,112.0,10672079.76,11027227.15,6519215.55,7177250.1,3437500.0,3437500.0,715364.21,412477.05
GWFD83,12 % Goodwill Finance Limited Debenture 2083,Bond,,,,53.88,,,,,,,,,,,,,,,,,,,
H8020,Himalayan 80-20,Mutual Fund,,,,,,,,,,,,,,,,,,,,,,,
HATHY,Hathway Investment Nepal Limited,Organized Fund,0.56,1613.04,13.51,43.05,8814.26,197496.59,14366.45,139307.68,4423.41,64947.72,,0.56,2.29,66.64,75.38,2722883.72,2687552.15,609557.16,553378.78,1585584.0,1415700.0,527742.56,718473.37
HBL,Himalayan Bank,Commercial Banks,12.45,15.19,1.06,47.91,6224375.62,27700811.43,2507111.35,10456690.27,702894.98,1512532.12,,12.45,6.98,177.63,175.07,384674582.0,372947315.7,344563047.3,335032260.6,22581662.53,21656615.63,17529873.22,16258439.42
HDHPC,Himal Dolakha Hydropower Company Limited,Hydro Power,2.33,76.08,2.27,48.97,69604.77,117697.56,52108.38,90371.15,16286.32,-40356.3,,2.33,-1.44,77.95,75.92,2384457.21,2354885.8,201921.41,228992.61,2800000.0,2800000.0,-617464.2,-674106.82
HDL,Himalayan Distillery,Manufacturing And Processing,11.75,97.9,8.31,49.75,609777.61,3775659.21,388963.82,2452038.06,90258.17,953263.67,,11.75,31.02,138.4,135.84,4950110.17,4572987.62,696614.14,397932.57,3073401.81,3073401.81,1180094.22,1101653.23
HEI,Himalayan Everest Insurance Limited,Non Life Insurance,-17.49,-29.15,1.49,58.89,793246.48,2686265.59,83034.53,1488474.04,-109337.4,532335.53,,-17.49,21.29,205.96,210.34,12108227.93,10519278.27,6958785.95,5260381.39,2500157.4,2500157.4,224221.7,333559.1
HEIP,Himalayan Everest Insurance Limited Promoter,Non Life Insurance,-17.49,-18.83,0.96,,,,,,,,,,,,,,,,,,,,
HHL,Himalayan Hydropower Limited,Hydro Power,13.27,24.41,3.99,42.28,106577.21,334497.41,91236.42,296335.38,36333.76,69678.65,,13.27,6.36,81.28,78.47,2278284.63,2285996.07,1388314.27,1426762.64,1095000.0,1095000.0,-205029.64,-235766.57
HIDCL,Hydroelectricity Investment and Development Company,Organized Fund,3.16,82.3,2.25,49.33,289725.0,1431559.0,275114.0,1414316.0,193976.0,944645.0,,3.16,3.85,115.55,115.03,28969127.0,28793614.0,589706.0,537664.0,24559813.0,24559813.0,3819608.0,3691885.0
HIDCLP,Hydorelectricity Investment and Development Company Limited Promoter,Organized Fund,3.16,57.61,1.57,,,,,,,,,,,,,,,,,,,,
HIMSTAR,Him Star Urja Company Limited,Hydro Power,0.59,1456.34,8.77,53.19,0.0,0.0,0.0,0.0,552.58,0.0,,0.59,0.0,98.38,0.0,1281227.58,0.0,914271.32,0.0,373000.0,0.0,-6043.74,0.0
HLBSL,Himalayan Laghubitta Bittiya Sanstha Limited,Microcredit,25.9,35.87,5.43,52.29,171953.28,655505.76,98869.04,353016.91,20708.17,91773.29,,25.9,28.7,170.96,171.28,5863966.15,5689393.26,5317190.58,5141597.59,319818.2,319818.2,226957.37,227977.47
HLI,Himalayan Life Insurance Limited,Life Insurance,5.59,66.65,3.43,47.59,5892478.49,23998022.16,435853.36,1867294.45,127759.53,546974.43,,5.59,5.98,105.65,111.2,94162544.33,91606762.79,84502330.71,81439044.5,9143237.31,9143237.31,776802.13,702909.19
HLICF,HLI Large Cap Fund,Mutual Fund,,,,,,,,,,,,,,,,,,,,,,,
HPPL,Himalayan Power Partner Ltd.,Hydro Power,23.98,19.51,3.83,46.89,216050.05,744192.37,199646.53,676872.61,63877.72,72625.22,,23.98,6.82,122.3,116.1,5478051.37,5499146.31,4175068.89,4262150.34,1065417.0,1065417.0,237565.48,171578.97
HRL,Himalayan Reinsurance Limited,ReInsurance,,,,52.9,,,,,,,,,,,,,,,,,,,
HURJA,Himalaya Urja Bikas Company Limited,Hydro Power,13.38,16.74,2.38,51.55,187790.93,416220.59,184035.11,407896.18,66232.43,46239.19,,13.38,2.34,93.94,91.02,3634722.99,3604290.52,1774778.07,1802093.47,1980000.0,1980000.0,-120055.08,-177802.95
ICFC,ICFC Finance,Finance,7.59,83.86,3.47,57.75,479750.19,1938241.82,159361.12,616916.55,22455.41,344943.83,,7.59,29.15,183.63,184.72,24397565.79,23655853.07,22224355.68,21469723.37,1183470.96,1183470.96,989739.15,1002658.74
ICFCD88,9% ICFC Finance Limited Debenture 2088,Bond,,,,53.07,,,,,,,,,,,,,,,,,,,
IGI,IGI Prudential insurance Limited,Non Life Insurance,-27.41,-15.23,1.17,47.83,444750.29,2103045.16,-66550.29,1146899.05,-207601.51,364974.07,,-27.41,12.05,179.41,189.44,14386291.17,11067204.48,8951270.35,5328415.07,3029334.64,3029334.64,-49012.25,172059.28
IHL,Ingwa Hydropower Limited,Hydro Power,3.73,155.57,6.01,52.1,79458.83,285063.04,69998.16,256553.89,5601.89,3201.49,,3.73,0.53,96.7,95.37,2455732.15,2501069.43,1875528.04,1928829.74,600000.0,600000.0,-19795.89,-27760.31
ILBS,Infinity Laghubitta Bittiya Sanstha Limited,Microcredit,25.31,40.49,6.29,47.59,196131.18,798207.89,105219.14,404969.29,31477.03,93755.04,,25.31,18.85,162.96,156.65,6325337.87,6502847.21,5514738.05,5723620.91,497415.94,497415.94,313183.88,281810.35
ILI,IME Life Insurance Company Limited,Life Insurance,12.67,34.81,3.76,46.73,1948445.35,6984256.59,351281.73,1349842.78,158314.06,583301.76,,12.67,11.67,137.41,138.58,22162186.02,21486445.71,15291792.91,14557402.94,5000000.0,5000000.0,862623.76,655416.67
JBBL,Jyoti Bikas Bank,Development Bank,6.4,50.61,2.17,53.28,1283529.07,5732834.94,525976.92,2094868.66,70334.51,12378.83,,6.4,0.28,149.0,148.84,73601324.74,71280175.65,67051754.5,64737384.35,4395785.89,4395785.89,2153784.36,2147005.41
JBLB,Jeevan Bikas Laghubitta Bittya Sanstha Ltd,Microcredit,37.98,38.34,4.96,50.05,1048018.94,4051815.34,557316.72,2117887.16,145859.06,740363.76,,37.98,48.2,293.8,257.63,30412929.57,30337867.65,25899594.14,26380281.33,1536171.55,1536171.55,2977163.88,2421414.78
JBLBP,Jeevan Bikas Laghubitta Bittya Sanstha Ltd Promoter,Microcredit,37.98,13.16,1.7,,,,,,,,,,,,,,,,,,,,
JFL,Janaki Finance,Finance,1.07,384.33,-207.79,42.55,71043.19,479945.2,17424.51,166704.74,1845.98,-207284.11,,1.07,-30.02,-1.98,3.01,4670086.27,5038794.46,4683743.58,5018023.93,690472.8,690472.8,-704130.11,-669702.27
JHAPA,Jhapa Energy Limited,Hydro Power,,,,81.52,,,,,,,,,,,,,,,,,,,
JOSHI,Joshi Hydropower Development Company Ltd,Hydro Power,-8.55,-33.51,6.39,41.88,25456.32,19347.1,17219.89,15609.16,-31743.57,-17835.78,,-8.55,-6.4,44.82,48.57,459048.43,464463.74,292583.53,284091.06,371400.0,371400.0,-204935.11,-191027.32
JSLBB,Janautthan Samudayic Laghubitta Bikas Bank,Microcredit,2.11,558.97,7.07,47.7,66282.09,308327.59,30083.61,148026.06,896.91,14650.47,,2.11,8.61,166.77,158.17,2369073.91,2397876.72,2085409.79,2128842.54,170091.9,170091.9,113572.22,98942.28
KBL,Kumari Bank,Commercial Banks,16.11,11.17,1.24,47.21,7336110.44,32290582.11,2912050.99,11554394.66,1056531.17,2116409.05,,16.11,8.07,145.21,142.19,442370137.0,442496648.6,404287189.1,405206882.0,26225861.34,26225861.34,11857086.59,11063905.33
KBSH,Kutheli Bukhari Small Hydropower Limited,Hydro Power,7.59,224.47,12.39,62.25,8198.05,31128.13,7626.25,28533.71,2544.04,8938.71,,7.59,6.67,137.56,136.72,215365.0,213459.96,30954.7,30175.92,134054.25,134054.25,50356.06,49229.79
KDBY,Kumari Dhanabriddhi Yojana,Mutual Fund,,,,,,,,,,,,,,,,,,,,,,,
KDL,Kalinchowk Darshan Limited,Hotels,-2.26,-364.51,7.86,33.68,8444.74,80650.49,2204.74,53113.96,-3386.73,27802.86,,-2.26,4.63,104.76,105.28,774072.59,736023.04,145501.65,104369.34,600000.0,600000.0,28570.93,31653.7
KEF,Kumari Equity Fund,Mutual Fund,,,,,,,,,,,,,,,,,,,,,,,
KKHC,Khanikhola Hydropower Co. Ltd.,Hydro Power,-8.54,-25.4,2.67,35.85,18221.3,56043.46,18221.3,56043.46,-18914.9,-34990.87,,-8.54,-7.51,81.39,73.02,1515350.83,1481004.13,794681.64,1140944.72,885493.7,465714.3,-164824.51,-125654.89
KMCDB,Kalika Laghubitta Bittiya Sanstha,Microcredit,19.96,52.97,5.52,50.57,181527.39,666890.5,108785.81,381015.15,20340.04,108068.52,,19.96,26.51,191.51,186.44,5150735.49,5295655.97,4369977.46,4535556.85,407692.31,407692.31,373065.72,352406.81
KPCL,Kalika Power Company,Hydro Power,19.4,28.1,4.61,48.68,69362.65,195936.05,61338.99,167747.44,45292.29,94182.24,,19.4,10.08,118.33,113.48,1157020.26,1133551.73,51886.28,73710.04,933949.5,933949.5,171184.48,125892.19
KSBBL,Kamana Sewa Bikas Bank Limited,Development Bank,20.46,21.35,2.87,56.04,1393631.75,5874639.18,617636.61,2244468.75,197584.14,635297.08,,20.46,18.1,152.32,168.13,71634447.02,71402976.54,65752148.65,65500260.55,3861930.82,3510846.2,2020367.55,2391869.79
KSY,Kumari Sabal Yojana,Mutual Fund,,,,,,,,,,,,,,,,,,,,,,,
LBBL,Lumbini Bikas Bank Ltd.,Development Bank,-38.48,-12.08,2.5,50.24,1204733.57,5590527.48,453831.23,1857387.02,-348577.71,379884.86,,-38.48,10.48,186.3,192.73,66221689.08,67984820.22,59470858.57,61000865.08,3623678.16,3623678.16,3127152.35,3360276.98
LBBLD89,11% L.B.B.L. Debenture 2089,Bond,,,,63.81,,,,,,,,,,,,,,,,,,,
LBLD86,10% Laxmi Bank Debenture 2086,Bond,,,,57.84,,,,,,,,,,,,,,,,,,,
LEC,Liberty Energy Company Limited,Hydro Power,-2.91,-67.41,2.81,50.86,147468.27,596910.83,130438.7,532627.88,-16389.62,-133236.96,,-2.91,-5.92,69.79,70.52,6050686.21,6114453.52,4480356.94,4527711.36,2250000.0,2250000.0,-679670.73,-663257.84
LICN,Life Insurance Nepal,Life Insurance,7.88,113.56,5.73,50.55,8139854.44,32331239.01,935907.52,3866547.29,108370.09,315893.98,,7.88,5.74,183.32,187.47,149327871.1,145775166.5,139245432.6,135464162.1,5500000.0,5500000.0,3091876.79,2990823.08
LLBS,Laxmi Laghubitta Bittiya Sanstha,Microcredit,27.99,35.89,5.6,54.29,234496.84,881456.46,140740.72,451499.4,30909.03,19600.14,,27.99,4.44,179.47,161.31,6472377.33,6045202.19,5679727.91,5332758.51,441662.1,441662.1,350987.31,270781.58
LSL,Laxmi Sunrise Bank Limited,Commercial Banks,5.46,38.88,1.15,53.64,6710122.0,29455960.0,2715176.0,11376388.0,332330.0,4116966.0,,5.46,16.91,184.89,186.63,451720473.0,443709909.0,406705354.0,398270874.0,24346512.0,24346512.0,20668608.0,21092521.0
LUK,Laxmi Unnati Kosh,Mutual Fund,,,,,,,,,,,,,,,,,,,,,,,
LVF2,Laxmi Value Fund 2,Mutual Fund,,,,,,,,,,,,,,,,,,,,,,,
MABEL,Mabilung Energy Limited,Hydro Power,-1.7,-407.97,6.74,63.24,0.0,0.0,0.0,0.0,-1643.19,0.0,,-1.7,0.0,103.05,0.0,1287069.08,0.0,889492.71,0.0,385824.0,0.0,11752.37,0.0
MAKAR,Makar Jitumaya Suri Hydropower Limited,Hydro Power,14.78,37.87,5.18,48.55,127764.24,388632.41,123511.17,373126.37,28087.22,49492.46,,14.78,6.51,108.02,104.69,2750934.88,2740889.02,1929990.75,1945234.18,760000.0,760000.0,60944.13,35654.83
MANDU,Mandu Hydropower Limited,Hydro Power,14.74,54.61,5.63,52.81,166422.8,204742.19,158554.95,172480.25,50257.2,58639.86,,14.74,4.3,143.08,139.32,5151189.68,4885259.92,3200074.09,2985501.5,1363637.0,1363637.0,587478.59,536121.42
MATRI,Matribhumi Lagubitta Bittiya Sanstha Limited,Microcredit,-12.55,-80.1,5.43,62.98,304835.57,1316228.98,105911.87,400829.13,-19707.92,-57948.68,,-12.55,-9.22,185.14,183.16,11956991.21,12406032.43,10793664.43,11255109.12,628357.34,628357.34,534969.44,522565.97
MBJC,Madhya Bhotekoshi Jalavidyut Company Limited,Hydro Power,1.1,258.36,3.03,51.33,101850.91,0.0,97263.89,0.0,16494.65,-41080.0,,1.1,-0.68,93.69,93.43,22403747.19,21875101.0,16782094.54,16269326.68,6000000.0,6000000.0,-378347.36,-394225.83
MBL,Machhapuchhre Bank,Commercial Banks,13.83,16.04,1.44,57.55,3485403.83,14580766.04,1458948.27,5756716.09,417956.34,2011461.52,,13.83,17.31,154.61,163.79,226591698.7,217602071.5,207905078.5,198566886.3,12086211.56,11621357.27,6600408.61,7413827.98
MBLD2085,10.25% Machhapuchhre Bank Debenture 2085,Bond,,,,49.32,,,,,,,,,,,,,,,,,,,
MBLEF,MBL Equity Fund,Mutual Fund,,,,,,,,,,,,,,,,,,,,,,,
MCHL,Menchhiyam Hydropower Limited,Hydro Power,-33.07,-13.52,29.75,32.49,33822.74,2971.49,33822.74,2971.49,-179443.88,-183245.63,,-33.07,-45.03,15.03,14.32,1490380.12,1460267.31,1408854.73,1382543.67,542583.3,542583.3,-461057.92,-464859.66
MDB,Miteri Development Bank,Development Bank,8.29,71.29,4.12,59.73,162255.4,571167.16,72962.54,204324.65,25223.27,130402.07,,8.29,10.71,143.28,141.11,9439374.46,8311428.58,7695535.86,6593982.91,1217100.0,1217100.0,526738.6,500345.67
MEHL,Manakamana Engineering Hydropower Limited,Hydro Power,9.76,43.86,6.47,42.06,52665.41,120368.35,46454.16,97124.95,19520.1,-20799.31,,9.76,-2.6,66.21,63.77,1335481.02,1323449.9,805835.97,813324.95,800000.0,800000.0,-270354.95,-289875.05
MEL,Modi Energy Limited,Hydro Power,-5.68,-47.53,4.51,40.77,108617.0,524775.0,89464.0,461815.0,-41168.0,-94703.0,,-5.68,-3.27,59.79,61.1,5465380.0,5556029.0,3731535.0,3784144.0,2900000.0,2900000.0,-1166155.0,-1128115.0
MEN,Mountain Energy Nepal Limited,Hydro Power,65.09,8.78,3.41,66.03,613559.25,1307246.61,547987.83,1116854.54,423496.69,629075.95,,65.09,24.17,167.78,152.11,7522892.4,7169516.2,3156106.96,3210502.66,2602715.71,2602715.71,1764069.73,1356297.83
MERO,Mero Microfinance Bittiya Sanstha Ltd.,Microcredit,-3.43,-214.7,4.68,43.81,461600.97,1976873.62,242638.42,1050319.37,-12177.48,216090.21,,-3.43,15.23,157.35,158.11,15663657.43,15521553.81,13430892.03,13277952.45,1419000.0,1419000.0,813765.4,824601.37
MFIL,Manjushree Financial Institution,Finance,13.73,52.42,4.28,71.86,551583.51,2290719.17,227290.02,873211.34,46394.87,314382.97,,13.73,23.26,168.34,180.85,26551878.31,26341022.58,24276625.95,23896746.87,1351552.85,1351552.85,923699.52,1092722.87
MHCL,Molung Hydropower Company Limited,Hydro Power,20.36,19.06,4.56,43.74,72761.2,161139.3,69645.88,143582.74,40837.34,27324.42,,20.36,3.4,85.18,80.07,1178754.74,1167933.7,495215.67,525387.34,802500.0,802500.0,-118960.93,-159953.64
MHL,Mandakini Hydropower Limited,Hydro Power,15.07,32.32,4.37,52.13,44884.75,109176.15,39704.7,96029.0,24365.99,39897.12,,15.07,6.17,111.42,107.13,959080.75,952565.62,238476.8,259664.5,646767.0,646767.1,73836.95,46134.02
MHNL,Mountain Hydro Nepal Limited,Hydro Power,27.17,9.05,8.04,47.36,195542.31,437120.19,146850.15,233130.35,84906.01,-416064.54,,27.17,-33.29,30.59,23.8,3438986.95,3393066.53,3056638.59,3095624.17,1250000.0,1250000.0,-867651.63,-952557.64
MKCL,Muktinath Krishi Company Limited,Trading,,,,50.24,,,,,,,,,,,,,,,,,,,
MKHC,Maya Khola Hydropower Company Limited,Hydro Power,11.37,31.84,5.73,39.69,138026.0,296974.0,138026.0,296974.0,28418.0,-63581.0,,11.37,-6.36,63.17,58.21,3236472.0,3228703.0,2604781.0,2646553.0,1000000.0,1000000.0,-368309.0,-417851.0
MKHL,Mai Khola Hydropower Limited,Hydro Power,5.59,141.96,7.76,48.81,19721.02,63198.97,17819.75,56001.2,5483.46,2674.51,,5.59,0.68,102.36,100.95,697455.46,700874.87,296041.06,304976.16,392156.8,392156.8,9257.6,3741.9
MKJC,Mailung Khola Jal Vidhyut Company Limited,Hydro Power,10.31,50.09,4.96,41.97,32187.82,89203.29,29325.89,77789.21,9697.1,3506.66,,10.31,0.93,104.09,101.31,802234.06,807618.06,410518.42,426363.34,376319.8,376319.8,15395.84,4934.92
MLBBL,Mithila Laghubitta Bikas Bank,Microcredit,60.09,25.21,7.18,53.03,127429.09,413138.19,81440.98,209104.43,33637.92,84153.01,,60.09,37.58,210.87,191.29,3395042.78,3592629.55,2922846.15,3164267.35,223933.15,223933.15,248263.49,204429.04
MLBL,Mahalaxmi Bikas Bank Limited,Development Bank,9.08,40.43,2.22,60.54,1132788.95,4955665.98,508938.04,2019778.3,97512.44,506665.44,,9.08,11.79,165.43,166.04,63858523.73,65160917.9,56750901.3,58027275.31,4296458.16,4296458.16,2811164.27,2837184.44
MLBLD89,11% Mahalaxmi Debenture 2089,Bond,,,,60.81,,,,,,,,,,,,,,,,,,,
MLBS,Manushi Laghubitta Bittiya Sanstha Limited,Microcredit,15.69,91.76,10.77,41.8,52188.51,204884.13,24369.65,100122.15,4291.03,13034.57,,15.69,11.92,133.66,125.82,1602856.8,1636543.37,1456665.59,1498925.03,109375.0,109375.0,36816.21,28243.35
MLBSL,Mahila Lagubitta Bittiya Sanstha Limited,Microcredit,37.23,52.11,7.72,40.3,177058.01,692440.73,88146.04,299770.28,20248.53,84147.31,,37.23,38.68,251.23,238.07,5680107.39,5666081.09,5133522.51,5148134.75,217562.5,217562.5,329022.38,300383.85
MMF1,Mega Mutual Fund -1,Mutual Fund,,,,,,,,,,,,,,,,,,,,,,,
MMKJL,Mathillo Mailun Khola Jalvidhyut Limited,Hydro Power,24.23,25.5,6.47,53.54,147859.46,350228.12,133667.34,292206.51,60576.8,-6386.76,,24.23,-0.64,95.53,89.52,3156006.34,3138461.23,2200661.36,2243242.7,1000000.0,1000000.0,-44655.02,-104781.47
MNBBL,Muktinath Bikas Bank,Development Bank,12.76,27.71,2.08,54.99,2627188.0,11046060.0,1185510.0,4557223.0,224774.0,1537431.0,,12.76,21.82,170.02,169.95,131720334.0,136904797.0,119739200.0,124928335.0,7046938.0,7046938.0,4934195.0,4929524.0
MNMF1,Muktinath Mutual Fund 1,Mutual Fund,,,,,,,,,,,,,,,,,,,,,,,
MPFL,Multipurpose Finance,Finance,8.89,68.25,5.08,68.79,64262.88,263969.77,17691.97,87602.55,13567.7,23324.32,,8.89,3.82,119.6,126.01,3977532.97,3974124.73,3247753.75,3205217.9,610200.0,610200.0,119579.21,158706.83
MSHL,Mid Solu Hydropower Limited,Hydro Power,22.36,38.19,6.79,66.58,89738.93,315759.45,81829.14,286024.21,41835.43,132140.03,,22.36,17.66,125.76,120.17,2180924.39,2202601.01,1239755.14,1303281.33,748400.0,748400.0,192769.25,150919.68
MSLB,Mahuli Samudayik Laghubitta Sanstha Ltd.,Microcredit,37.43,36.07,6.04,39.64,195936.37,717415.84,111373.59,367287.81,34615.42,114529.91,,37.43,30.96,223.6,214.39,6008456.96,5786417.62,5181305.7,4993356.51,369923.5,369923.5,457227.76,423137.6
NABBC,Narayani Development Bank,Development Bank,-33.69,-33.75,60.49,61.61,5043.52,35718.65,-1230.15,-299.0,-22107.03,-25169.2,,-33.69,-9.59,18.8,27.15,438729.37,580953.78,389383.15,509706.57,262467.6,262467.6,-213121.38,-191220.38
NABIL,Nabil Bank,Commercial Banks,25.97,19.5,2.1,56.81,9801139.0,40470486.0,3901260.0,16327297.0,1756991.0,7127567.0,,25.97,26.34,240.72,235.58,675523530.0,638155759.0,610391361.0,574416188.0,27056997.0,27056997.0,38075172.0,36682576.0
NABILD2089,7% Nabil Debenture 2089,Bond,,,,52.87,,,,,,,,,,,,,,,,,,,
NABILD87,9% Nabil Debenture 2087,Bond,,,,56.95,,,,,,,,,,,,,,,,,,,
NADEP,Nadep Laghubitta Bittiya Sanstha Ltd.,Microcredit,4.75,170.75,5.26,61.01,184280.45,821291.34,90686.4,401096.72,5768.08,53727.15,,4.75,11.06,154.24,166.08,6791773.74,6468273.45,6042555.84,5661542.51,485760.0,485760.0,263457.91,320970.95
NBBD2085,10.25% NBBL Debenture 2085,Bond,,,,64.03,,,,,,,,,,,,,,,,,,,
NBF2,Nabil Balanced Fund 2,Mutual Fund,,,,,,,,,,,,,,,,,,,,,,,
NBF3,Nabil Balanced Fund-3,Mutual Fund,,,,,,,,,,,,,,,,,,,,,,,
NBL,Nepal Bank,Commercial Banks,16.01,14.98,0.92,47.19,5583299.33,23068579.39,2569500.39,10087151.82,588287.5,3773008.99,,16.01,25.68,260.32,259.81,403340238.2,399321863.8,365089129.5,361144882.0,14694022.93,14694022.93,23557085.72,23482958.83
NBLD82,10% Nabil Debenture 2082,Bond,,,,65.24,,,,,,,,,,,,,,,,,,,
NBLD87,8.5% Nepal Bank Debenture 2087,Bond,,,,56.6,,,,,,,,,,,,,,,,,,,
NESDO,NESDO Sambridha Laghubitta Bittiye Sanstha Limited,Microcredit,44.8,33.01,5.43,45.91,130812.22,530408.06,71889.45,291891.97,32629.91,-10099.62,,44.8,-3.47,272.45,263.44,4261084.9,4118698.24,3467327.9,3351193.22,291337.5,291337.5,502419.5,476167.52
NFS,Nepal Finance,Finance,-31.37,-20.03,5.05,47.84,84898.98,339117.26,18004.41,90492.4,-59560.08,21745.87,,-31.37,2.86,124.29,137.37,5181087.45,5244085.14,4237141.73,4200798.93,759446.75,759446.75,184498.97,283839.46
NGPL,Ngadi Group Power Ltd.,Hydro Power,2.35,169.58,2.56,57.05,46224.28,114948.39,42931.91,99174.74,21724.2,17115.62,,2.35,0.46,155.64,163.55,6838756.36,7111498.43,1076052.14,1055857.39,3702558.45,3702558.45,2060145.77,2353082.6
NHDL,Nepal Hydro Developers Ltd.,Hydro Power,22.33,32.78,5.75,76.86,36844.0,108153.0,32202.0,91394.0,21669.0,53440.0,,22.33,13.77,127.26,121.67,616741.0,608255.0,122738.0,135922.0,388197.0,388197.0,105806.0,84137.0
NHPC,National Hydro Power,Hydro Power,1.73,109.75,1.96,50.77,55988.01,162894.34,36653.05,85206.74,10677.6,3132.63,,1.73,0.13,96.79,96.39,3392383.99,3360869.44,1004362.38,982752.85,2467162.92,2467162.92,-79211.3,-89046.32
NIBLGF,NIBL Growth Fund,Mutual Fund,,,,,,,,,,,,,,,,,,,,,,,
NIBLSTF,NIBL Stable Fund,Mutual Fund,,,,,,,,,,,,,,,,,,,,,,,
NIBSF2,NIBL Samriddhi Fund -2,Mutual Fund,,,,,,,,,,,,,,,,,,,,,,,
NICA,NIC Asia Bank,Commercial Banks,3.28,99.22,1.64,53.44,6335002.94,28816212.12,2286038.41,10256235.57,122160.86,161573.23,,3.28,1.08,198.74,197.9,395715571.8,378764242.0,366068081.6,349242484.5,14917566.92,14917566.92,14729923.29,14604190.58
NICAD2091,7% NIC ASIA Debenture 2091,Bond,,,,57.16,,,,,,,,,,,,,,,,,,,
NICBF,NIC Asia Balanced Fund,Mutual Fund,,,,,,,,,,,,,,,,,,,,,,,
NICD88,NIC ASIA Rinpatra 2088,Bond,,,,58.67,,,,,,,,,,,,,,,,,,,
NICFC,NIC Asia Flexi CAP Fund,Mutual Fund,,,,,,,,,,,,,,,,,,,,,,,
NICGF2,NIC ASIA Growth Fund-2,Mutual Fund,,,,,,,,,,,,,,,,,,,,,,,
NICL,Nepal Insurance,Non Life Insurance,-15.13,-33.15,2.18,42.99,324740.98,1467745.27,-27604.91,940213.85,-96378.68,316459.29,,-15.13,16.74,171.58,198.88,9370394.24,6528062.75,4997531.93,2767451.44,2548575.01,1890878.23,65873.79,162252.46
NICLBSL,NIC ASIA Laghubitta Bittiya Sanstha Limited,Microcredit,2.09,265.97,4.57,48.05,651880.61,1889974.33,370960.77,751921.78,9090.66,-448665.26,,2.09,-25.79,121.77,121.24,22714084.49,21517502.86,20595900.41,19408600.28,1739440.0,1739440.0,378744.08,369462.58
NICSF,NIC Asia Select Fund 30,Mutual Fund,,,,,,,,,,,,,,,,,,,,,,,
NIFRA,Nepal Infrastructure Bank Limited,Development Bank,3.86,69.22,2.23,50.35,621865.0,2469017.0,373094.0,1899858.0,208540.0,1145543.0,,3.86,5.3,119.97,118.88,42011029.0,41411997.0,16098429.0,15734894.0,21600000.0,21600000.0,4312600.0,4077103.0
NIFRAGED,Nifra Green Energy Debenture 6% - 2088/89,Bond,,,,47.45,,,,,,,,,,,,,,,,,,,
NIL,Neco Insurance,Non Life Insurance,-12.36,-50.15,2.02,57.69,504353.53,2423513.0,25127.3,1493282.04,-83134.65,550826.28,,-12.36,21.9,227.15,245.55,11973406.11,10947518.11,5859636.14,4770799.38,2691532.33,2515450.77,487483.46,755966.6
NIMB,Nepal Investment Bank,Commercial Banks,0.53,363.63,0.98,47.25,8340324.0,36101210.0,3243125.0,14128168.0,45050.0,6756648.0,,0.53,19.8,195.89,197.38,583758594.0,565663354.0,516903383.0,498301679.0,34128595.0,34128595.0,32726615.0,33233080.0
NIMBD90,10% NIMB Debenture 2090,Bond,,,,53.03,,,,,,,,,,,,,,,,,,,
NIMBPO,Nepal Investment Mega Bank Promoter,Commercial Banks,0.53,299.43,0.81,,,,,,,,,,,,,,,,,,,,
NLG,Nlg Insurance,Non Life Insurance,-15.76,-43.79,2.53,47.73,394088.34,1517427.43,-11048.68,768301.73,-101052.28,161181.59,,-15.76,6.28,168.76,177.06,9562074.22,8775338.75,5232975.94,4233408.16,2565224.43,2565224.43,-150777.45,57493.64
NLIC,Nepal Life Insurance,Life Insurance,9.55,80.21,6.64,50.92,18364131.39,68370211.87,1491367.24,7020006.15,215551.66,603263.58,,9.55,6.68,138.14,136.75,262132838.1,252218246.8,249660890.9,239871338.8,9028763.21,9028763.21,1394589.37,1241288.3
NLICL,National Life Insurance,Life Insurance,10.3,59.24,5.46,50.26,7311425.62,28603394.97,737596.83,2871442.21,140885.66,412843.08,,10.3,7.54,131.54,129.72,105567467.7,103254369.2,98368639.4,96155022.63,5472739.74,5472739.74,638071.82,510124.12
NMB,NMB Bank,Commercial Banks,19.95,11.88,1.32,56.01,5594323.0,22267952.0,2487253.0,8020894.0,915983.0,3281791.0,,19.95,17.87,179.29,177.5,360220851.0,352101479.0,327290460.0,319499716.0,18366706.0,18366706.0,14563685.0,14235055.0
NMB50,NMB 50,Mutual Fund,,,,,,,,,,,,,,,,,,,,,,,
,,,,,,,,,,,,,,,,,,,,,,,,,
NMBHF2,NMB Hybrid Fund L- II,Mutual Fund,,,,,,,,,,,,,,,,,,,,,,,
NMBMF,NMB Microfinance,Microcredit,7.06,100.29,5.05,55.69,234381.43,796521.53,136335.53,435500.45,12725.09,63841.57,,7.06,8.85,140.01,140.61,7718825.56,7157915.25,6708739.86,6143464.6,721449.15,721449.15,288636.55,293001.51
NMFBS,National Microfinance Bittiya Sanstha Ltd.,Microcredit,43.34,30.39,5.15,56.27,842820.0,3161789.0,423211.0,1615523.0,144287.0,474045.0,,43.34,35.6,255.89,245.0,30108634.0,29835437.0,26701201.0,26573032.0,1331609.0,1331609.0,2075824.0,1930796.0
NMIC,Nepal Micro Insurance Company Limited,Non Life Insurance,4.38,273.01,9.09,38.38,42976.13,134020.14,23762.33,104870.71,8207.19,1657.1,,4.38,0.22,106.89,99.86,1125797.96,1010819.36,324150.67,261862.02,750000.0,750000.0,44360.95,-5700.0
NMLBBL,Nerude Mirmire Laghubitta Bittiya Sanstha Limited,Microcredit,15.84,40.26,3.02,44.0,715018.61,2801007.05,403300.41,1434724.77,55368.51,254017.21,,15.84,18.17,211.21,206.77,21268274.67,21775684.08,18316013.85,18885580.91,1397764.27,1397764.27,1554496.55,1492338.9
NRIC,Nepal Reinsurance Company Limited,ReInsurance,,,,43.55,,,,,,,,,,,,,,,,,,,
NRM,Nepal Republic Media Limited,Media,,,,47.77,,,,,,,,,,,,,,,,,,,
NRN,NRN Infrastructure and Development Limited,Organized Fund,1.58,862.47,5.63,45.45,12533.84,923931.8,7708.85,829747.73,5066.95,670855.07,,1.58,52.23,241.9,250.15,3716127.49,3949338.51,609207.52,736521.82,1284372.29,1284372.29,1822547.69,1928444.4
NSIF2,NMB Sulav Investment Fund - 2,Mutual Fund,,,,,,,,,,,,,,,,,,,,,,,
NTC,Nepal Doorsanchar Company,Telecom,29.45,30.73,1.79,69.94,9471050.0,38733341.0,7945789.0,32848030.0,1325174.0,2668192.0,,29.45,14.82,505.75,495.33,126367322.0,120791440.0,35331602.0,31632554.0,18000000.0,18000000.0,73035720.0,71158886.0
NUBL,Nirdhan Utthan Bank,Microcredit,19.32,38.1,3.32,44.56,877500.64,3560017.27,433956.57,1766185.01,126176.35,836078.48,,19.32,32.01,221.52,221.22,28205082.59,27779714.78,22418765.81,22001352.07,2612079.75,2612079.75,3174237.03,3166282.96
NWCL,Nepal Warehousing Company Limited,Trading,,,,47.7,,,,,,,,,,,,,,,,,,,
NYADI,Nyadi Hydropower Limited,Hydro Power,-1.87,-199.87,6.08,37.62,170399.0,646688.0,95620.0,365455.0,-7698.0,-93356.0,,-1.87,-5.66,61.36,61.87,5661725.0,5737650.0,4649324.0,4716803.0,1650000.0,1650000.0,-637599.0,-629153.0
OHL,Oriental Hotels,Hotels,-9.98,-71.03,2.16,53.23,221968.06,1075688.86,4579.17,259415.71,-29555.79,29552.59,,-9.98,2.5,328.16,329.45,5968164.42,6093506.51,2081180.38,2191207.44,1184494.96,1184494.96,2702489.07,2717804.1
OMPL,Om Megashree Pharmaceuticals Limited,Manufacturing And Processing,-15.38,-81.37,12.51,53.74,51612.19,277960.51,32844.39,179815.96,-23077.11,8928.36,,-15.38,1.49,100.09,103.94,1452917.65,1409104.7,852384.7,785494.65,600000.0,600000.0,532.95,23610.05
PBD84,10.15% Prime Debenture 2084,Bond,,,,62.89,,,,,,,,,,,,,,,,,,,
PBD85,8.75 % Prime Debenture 2085,Bond,,,,56.56,,,,,,,,,,,,,,,,,,,
PBD88,10% Prime Debenture 2088,Bond,,,,55.48,,,,,,,,,,,,,,,,,,,
PCBL,Prime Commercial Bank,Commercial Banks,25.94,10.11,1.46,68.23,5896339.62,23532707.98,2407447.6,8822434.3,1258430.07,4024431.57,,25.94,20.74,179.32,173.72,316629560.5,317147016.9,281836609.4,283440127.3,19402575.72,19402575.72,15390375.41,14304313.95
PFL,Pokhara Finance,Finance,-23.84,-15.27,7.57,42.75,149151.19,910502.4,33841.37,266063.97,-64523.68,113908.89,,-23.84,10.52,48.08,53.69,8323487.76,7922845.73,7803018.04,7341659.96,1082556.61,1082556.61,-562086.89,-501370.83
PHCL,Peoples Hydropower Company Limited,Hydro Power,0.82,326.65,2.9,34.46,318185.72,975435.25,202216.01,501147.27,6563.61,-157711.4,,0.82,-4.93,92.33,92.08,11327300.19,11374001.51,8372784.3,8427571.11,3200000.0,3200000.0,-245484.1,-253569.6
PMHPL,Panchakanya Mai Hydropower,Hydro Power,13.34,23.83,3.94,44.51,118568.11,293128.24,98959.43,247925.53,36683.0,-68561.14,,13.34,-6.23,80.61,77.18,2603614.35,2659407.78,1716907.15,1810414.2,1100000.0,1100000.0,-213292.8,-251006.42
PMLI,Prabhu Mahalaxmi Life Insurance Limited,Life Insurance,5.0,99.03,4.44,51.36,1727094.05,6559752.44,280386.38,1147828.0,63774.91,370743.48,,5.0,7.26,116.56,115.92,21784981.93,20780878.96,15836145.76,14864516.71,5103648.0,5103648.0,584764.43,514183.98
PPCL,Panchthar Power Company Ltd.,Hydro Power,21.42,16.34,3.64,61.01,145239.76,89072.69,135236.78,83019.89,51535.76,-46123.33,,21.42,-4.79,96.03,91.42,2950620.87,3020958.67,2026345.26,2141012.32,962500.0,962500.0,-38224.4,-82553.65
PPL,Peoples Power Limited,Hydro Power,5.31,60.64,3.03,46.34,31751.0,96335.0,27815.0,73950.0,12604.0,3319.0,,5.31,0.52,106.21,97.31,1009940.0,921712.0,2129.0,306986.0,948900.0,632600.0,58913.0,-17000.0
PRIN,Prabhu Insurance,Non Life Insurance,14.85,45.78,2.19,57.03,243892.89,962100.96,182063.78,667819.54,63139.75,211958.94,,14.85,14.7,202.27,235.22,7610268.8,6978312.19,4169754.25,3587657.39,1700955.92,1441488.07,249233.74,444389.19
PROFL,Progressive Finance,Finance,-18.43,-24.58,6.16,47.53,142227.91,593801.64,50840.75,185302.95,-39080.6,111938.7,,-18.43,13.2,73.6,79.24,8183016.6,7986775.18,7558850.85,7314766.53,848106.0,848106.0,-223940.24,-176097.35
PRSF,Prabhu Smart Fund,Mutual Fund,,,,,,,,,,,,,,,,,,,,,,,
PRVU,Prabhu Bank,Commercial Banks,9.49,19.4,1.13,43.84,6459930.0,23229499.0,2895276.0,7197864.0,558483.0,5442695.0,,9.49,23.12,163.55,162.0,419253360.0,410670029.0,380748729.0,372531197.0,23542490.0,23542490.0,14962140.0,14596344.0
PSF,Prabhu Select Fund,Mutual Fund,,,,,,,,,,,,,,,,,,,,,,,
PURE,Pure Energy Limited,Hydro Power,4.5,206.1,9.13,56.61,65515.19,259256.92,61813.91,245098.19,9005.48,31979.04,,4.5,4.0,101.61,100.48,2322223.39,2320310.54,1509380.01,1516472.64,800000.0,800000.0,12843.38,3837.9
RADHI,Radhi Bidhyut Company,Hydro Power,60.58,12.38,4.9,55.81,40630.44,128934.64,32639.7,90196.99,278513.41,379817.56,,60.58,20.65,153.03,136.4,3325637.57,3151186.71,511519.85,642843.51,1838979.32,1838979.32,975138.41,669363.89
RAWA,Rawa Energy Development Limited,Hydro Power,19.15,37.4,8.96,48.58,30911.35,96754.9,27340.63,83808.1,13402.18,18277.34,,19.15,6.53,79.95,75.35,657541.01,662558.55,433695.0,451570.28,280000.0,280000.0,-56153.99,-69011.73
RBBD2088,7% RBBL Debenture 2088,Bond,,,,51.74,,,,,,,,,,,,,,,,,,,
RBBD83,8.5% RBBL Debenture 2083,Bond,,,,55.08,,,,,,,,,,,,,,,,,,,
RBCL,Rastriya Beema,Non Life Insurance,-149.28,-100.28,5.54,51.18,172614.66,1045556.41,-15198.56,963691.04,-99509.83,427642.63,,-149.28,160.38,6401.84,6489.08,24784138.49,24088642.37,7714323.17,6786212.42,266639.06,266639.06,2375830.43,2475340.26
RBCLPO,Rastriya Beema Promoter,Non Life Insurance,-149.28,-80.39,4.44,,,,,,,,,,,,,,,,,,,,
RFPL,River Falls Power Limited,Hydro Power,17.95,19.88,3.4,44.61,100681.18,232942.29,96041.84,217028.22,31419.24,1079.03,,17.95,0.15,105.01,100.52,2689182.58,2649782.92,1954099.31,1946118.9,700000.0,700000.0,35083.26,3664.01
RHGCL,Rapti Hydro And General Construction Limited,Hydro Power,-4.17,-58.99,2.6,43.81,17380.01,100412.15,12327.3,76896.0,-12776.55,-73739.38,,-4.17,-6.38,94.71,86.23,1786063.2,2237889.99,620153.47,1235632.33,1225587.6,1155176.5,-64817.6,-159068.59
RHPL,Rasuwagadhi Hydropower Company Limited,Hydro Power,-38.2,-7.14,3.52,50.28,0.0,968895.0,-42550.0,838520.0,-653354.0,-487234.0,,-38.2,-7.12,77.52,87.3,23340865.0,23683585.0,18036761.0,17710346.0,6842100.0,6842100.0,-1537997.0,-868861.0
RIDI,Ridi Power Company Limited,Hydro Power,1.02,219.51,2.23,49.97,119157.55,355753.16,107402.83,255771.04,5927.14,106811.46,,1.02,4.6,100.26,98.63,3880390.76,3864723.71,1550971.76,1573277.81,2323351.8,2323351.8,6067.2,-31905.9
RLFL,Reliance Finance,Finance,-58.79,-7.18,4.34,48.3,191756.0,808412.0,65362.0,240224.0,-164827.0,42704.0,,-58.79,3.81,97.21,110.09,10170906.0,9993395.0,9080789.0,8758803.0,1121452.0,1121452.0,-31333.0,113141.0
RMF1,RBB Mutual Fund 1,Mutual Fund,,,,,,,,,,,,,,,,,,,,,,,
RMF2,RBB Mutual Fund 2,Mutual Fund,,,,,,,,,,,,,,,,,,,,,,,
RNLI,Reliable Nepal Life Insurance Limited,Life Insurance,19.9,23.74,3.89,43.59,1795685.98,6513517.04,538597.58,1093685.84,258502.17,570195.96,,19.9,10.97,154.29,147.47,22803422.2,21862317.56,14785036.01,14198522.94,5196800.0,5196800.0,1116652.16,789983.99
RSDC,RSDC Laghubitta Bittiya Sanstha Ltd.,Microcredit,8.16,78.35,5.0,51.16,116802.01,600109.23,44832.09,224557.92,21107.9,103196.04,,8.17,9.98,128.04,125.95,6608066.19,8224844.26,5284040.46,6922405.82,1034064.42,1034064.42,289961.31,268374.02
RSY,Reliable Samriddhi Yojana,Mutual Fund,,,,,,,,,,,,,,,,,,,,,,,
RURU,Ru Ru Jalbidhyut Pariyojana Limited,Hydro Power,23.22,29.58,4.79,59.49,53319.58,141293.95,41056.76,96971.17,32937.39,82951.53,,23.22,14.62,143.28,137.48,982363.95,955666.46,169484.23,175724.13,567322.2,567322.2,245557.52,212620.13
SADBL,Shangrila Development Bank,Development Bank,9.92,39.61,2.49,58.2,1216810.9,5186440.56,549116.65,1880903.08,88211.29,537095.11,,9.92,15.1,157.82,156.71,62562404.41,63418032.57,56950099.1,57844920.75,3556255.72,3556255.72,2056049.59,2016856.1
SAGAR,Sagar Distillery Limited,Manufacturing And Processing,-8.44,-198.85,12.9,70.37,30392.34,218339.34,20116.19,139747.02,-15323.92,4026.6,,-8.44,0.69,130.12,140.29,1375368.72,1254642.6,430686.28,439836.23,726000.0,580800.0,218682.45,234006.37
SAGF,Sanima Growth Fund,Mutual Fund,,,,,,,,,,,,,,,,,,,,,,,
SAHAS,Sahas Urja Limited,Hydro Power,52.37,10.52,2.8,53.38,924636.99,2648166.15,860699.77,2440852.18,494899.98,902723.07,,52.37,23.88,196.89,184.0,17986815.62,17720233.88,10544465.59,10765186.97,3780000.0,3780000.0,3662350.03,3175046.9
SAIL,Shreenagar Agritech Industries Limited,Manufacturing And Processing,2.84,287.76,6.9,80.36,425449.88,0.0,70207.63,0.0,9273.97,0.0,,2.84,0.0,118.62,0.0,2855414.71,0.0,1307448.9,0.0,1305000.0,0.0,242965.81,0.0
SALICO,Sagarmatha Lumbini Insurance Co. Limited,Non Life Insurance,-40.78,-14.96,1.26,57.29,833719.96,2965358.39,-80519.3,1192017.59,-267372.22,403206.14,,-40.78,15.37,229.48,239.12,17664280.37,15151041.84,11645766.59,8879806.7,2622638.2,2622638.2,174304.3,366522.64
SANIMA,Sanima Bank,Commercial Banks,13.4,23.88,1.85,59.66,4332202.82,18040787.83,1688524.47,6355997.91,454918.15,2571155.95,,13.4,18.93,172.71,168.83,266521035.0,263447489.7,243064250.7,240518108.7,13581525.41,13581525.41,9875258.91,9347855.62
SANVI,Sanvi Energy Limited,Hydro Power,17.33,37.22,5.45,51.84,110746.43,231084.79,108513.9,211546.86,38123.09,27642.73,,17.33,3.14,118.29,113.96,2758646.47,2744269.64,1717716.18,1741462.45,880000.0,880000.0,160930.28,122807.19
SAPDBL,Saptakoshi Development Bank Ltd,Development Bank,-0.58,-1465.87,11.82,58.86,143466.19,581701.24,65004.56,228428.28,-1215.05,76618.55,,-0.58,9.18,72.27,64.58,8378316.62,8458780.56,7775331.12,7919936.49,834338.43,834338.43,-231352.93,-295494.36
SARBTM,Sarbottam Cement Limited,Manufacturing And Processing,26.07,34.39,4.31,62.68,2030252.28,9712317.97,667136.1,2224353.16,324280.82,1004593.94,,26.07,20.19,208.11,202.0,15371900.83,15022125.48,5017414.23,4971825.39,4975500.0,4975500.0,5378986.6,5074800.1
SBCF,Sunrise Bluechip Fund,Mutual Fund,,,,,,,,,,,,,,,,,,,,,,,
SBD89,10.25% Sanima Debenture 2089,Bond,,,,64.23,,,,,,,,,,,,,,,,,,,
SBI,Nepal Sbi Bank,Commercial Banks,18.41,21.46,2.04,64.46,3744074.16,15462931.03,1318658.75,5262311.87,501565.2,1802580.12,,18.41,16.54,193.16,188.59,248006474.2,232757654.2,226953637.4,212202477.4,10899158.07,10899158.07,10153678.8,9656018.71
SBIBD86,10% Nepal SBI Bank Debenture 2086,Bond,,,,59.93,,,,,,,,,,,,,,,,,,,
SBL,Siddhartha Bank,Commercial Banks,9.2,41.3,1.74,74.88,5334961.22,22312191.83,2162568.55,8439920.12,324091.37,3395285.72,,9.2,24.1,218.05,219.97,331925760.94,338780164.1,301202303.62,307786045.8,14089980.19,14089980.19,16633477.13,16904138.09
SBLD2091,7.25% SBL Debenture 2091,Bond,,,,53.49,,,,,,,,,,,,,,,,,,,
SCB,Standard Chartered Bank,Commercial Banks,27.57,22.72,2.81,51.08,1977443.0,8337194.0,1072450.0,4488425.0,692168.0,3029303.0,,27.57,30.17,222.71,216.96,161706155.0,155203119.0,139340816.0,133415651.0,10042368.0,10042368.0,12322971.0,11745100.0
SCBD,10.30% Standard Chartered Bank Limited Debenture,Bond,,,,60.27,,,,,,,,,,,,,,,,,,,
SEF,Siddhartha Equity Fund,Mutual Fund,,,,,,,,,,,,,,,,,,,,,,,
SFCL,Samriddhi Finance Company Limited,Finance,-10.61,-35.9,6.41,40.58,58312.58,270933.58,13333.3,88530.13,-21720.52,31935.55,,-10.61,3.9,59.46,62.11,3564883.37,3508990.3,3077970.88,3000357.3,818911.4,818911.4,-331998.92,-310278.4
SFEF,Sunrise Focused Equity Fund,Mutual Fund,,,,,,,,,,,,,,,,,,,,,,,
SFMF,Sunrise First Mutual Fund,Mutual Fund,,,,,,,,,,,,,,,,,,,,,,,
SGHC,Swet-Ganga Hydropower & Construction Limited,Hydro Power,24.42,15.89,4.94,46.59,275156.3,786630.61,255116.84,685541.11,97264.19,-5789.49,,24.42,-0.36,78.63,71.88,6254442.54,6239267.04,5001795.57,5094231.52,1593000.0,1593000.0,-340353.03,-447964.48
SGIC,Sanima GIC Insurance Limited,Non Life Insurance,-37.25,-12.99,1.39,57.49,213919.81,1369854.43,-77604.2,913437.47,-200203.63,350388.7,,-37.25,16.3,140.53,152.12,9473666.05,8247196.66,6452181.55,4976610.04,2150000.0,2150000.0,-19480.33,183288.73
SHEL,Singati Hydro Energy Limited,Hydro Power,15.48,17.67,2.43,49.69,258675.83,687198.78,253088.07,670522.81,112228.07,149998.69,,15.48,5.17,112.38,109.53,6452826.72,6380052.08,3193897.58,3203749.22,2900000.0,2900000.0,358929.14,276302.86
SHINE,Shine Resunga Development Bank,Development Bank,16.66,23.95,2.58,56.27,1511270.54,6375657.15,645201.5,2667001.24,203041.91,688629.94,,16.66,14.12,154.64,151.42,81563744.81,80262619.93,74023846.45,72880832.51,4875701.68,4875701.68,2664196.68,2507085.75
SHIVM,Shivam Cements Ltd,Manufacturing And Processing,15.37,39.03,3.12,63.52,1636966.51,7903696.95,430229.31,1868779.14,209668.87,794108.0,,15.37,14.55,192.18,188.57,12920369.76,12598276.93,2433348.44,2308478.09,5456808.5,5456808.5,5030212.81,4832990.34
SHL,Soaltee Hotel,Hotels,4.84,100.9,17.25,54.69,627940.74,2770089.63,189411.69,983987.1,123586.03,670709.97,,4.84,6.56,28.3,27.15,3691042.92,3488210.39,799073.84,713373.39,1021862.69,1021862.69,1870106.39,1752974.31
SHLB,Shrijanshil Laghubitta Bittiya Sanstha Limited,Microcredit,-70.75,-23.0,6.77,34.98,88708.4,364429.54,42241.13,168845.47,-19345.52,45085.74,,-70.75,41.22,240.27,247.6,2910018.61,3004099.12,2647220.83,2733289.65,109375.0,109375.0,153422.78,161434.47
SHPC,Sanima Mai Hydropower,Hydro Power,17.63,29.99,3.1,54.38,220207.5,684802.3,197012.49,583536.87,164791.21,323769.65,,17.63,8.66,170.6,173.34,7370626.71,7651427.7,993541.8,1171983.42,3737993.71,3737993.71,2639091.2,2741450.57
SICL,Shikhar Insurance,Non Life Insurance,-21.7,-28.87,1.56,63.08,540107.29,2706215.27,-60980.47,1549636.17,-158586.42,452719.18,,-21.7,15.49,192.63,198.97,15582767.28,13804480.53,9951998.73,7988387.02,2923099.0,2923099.0,67760.93,211757.53
SIFC,Shree Investment Finance,Finance,1.38,365.15,3.57,51.87,196358.53,828280.88,65349.44,233182.59,3443.79,69930.61,,1.38,6.99,140.98,142.23,9865839.75,9925581.13,8455993.98,8503269.66,1000000.0,1000000.0,409845.77,422311.47
SIGS2,Siddhartha Investment Growth Scheme 2,Mutual Fund,,,,,,,,,,,,,,,,,,,,,,,
SIGS3,Siddhartha Investment Growth Scheme 3,Mutual Fund,,,,,,,,,,,,,,,,,,,,,,,
SIKLES,Sikles Hydropower Limited,Hydro Power,41.27,13.88,4.54,55.26,130653.08,302428.76,125881.5,261152.65,87699.85,77496.79,,41.27,9.12,126.17,115.84,2118419.04,2086665.42,1045943.91,1102042.3,850000.0,850000.0,222475.13,134623.11
SINDU,Sindhu Bikash Bank,Development Bank,-32.0,-22.81,8.16,51.81,101498.33,448921.03,30507.78,133752.99,-44597.7,117878.75,,-32.0,21.15,89.47,86.7,6228211.19,6384666.14,5729474.52,5901364.2,557456.07,557456.07,-58719.4,-74154.13
SJCL,Sanjen Jalavidhyut Company Limited,Hydro Power,17.13,16.75,3.35,48.63,557938.68,874900.0,502716.25,720965.0,156336.54,-279380.0,,17.13,-7.65,85.55,81.5,13164417.32,13251790.0,10042314.63,10277018.0,3650000.0,3650000.0,-527277.91,-675228.0
SJLIC,SuryaJyoti Life Insurance Company Limited,Life Insurance,9.78,47.87,3.87,56.13,3955053.02,15134776.83,445160.34,2063629.54,122490.74,350286.4,,9.78,6.99,134.42,126.85,51907292.71,50665123.8,45170303.82,44307407.18,5011947.8,5011947.8,1041908.79,472060.96
SKBBL,Sana Kisan Bikas Bank,Microcredit,21.19,36.59,3.17,56.38,566584.47,2893840.13,341713.03,1794998.56,228498.37,878701.12,,21.19,20.38,244.3,239.05,40572455.79,41471021.89,30036737.57,31161526.3,4312621.51,4312621.51,6223096.7,5996874.09
SLBBL,Swarojgar Laghu Bitta Bikas Bank,Microcredit,25.84,36.04,5.61,57.74,338472.8,1285811.23,177253.97,626733.1,50647.97,239705.8,,25.84,30.58,165.96,160.2,10528615.08,10152297.54,9227600.43,8896469.65,783924.4,783924.4,517090.25,471903.49
SLBSL,Samudayik Laghubitta Bittiya Sanstha Limited,Microcredit,21.28,62.25,10.85,52.8,80036.82,238936.66,45599.39,109259.85,9088.56,3988.21,,21.28,2.34,122.06,116.82,2137079.33,2046497.72,1928598.67,1846966.17,170805.0,170805.0,37675.66,28726.55
SLCF,Sanima Large Cap Fund,Mutual Fund,,,,,,,,,,,,,,,,,,,,,,,
SMATA,Samata Gharelu Laghubitta Bittiya Sanstha Limited,Microcredit,12.54,64.21,5.46,47.44,194847.52,676819.88,107980.05,337796.5,19716.34,84998.11,,12.54,13.51,147.3,135.37,6789768.78,5995483.82,5863170.26,5143965.7,629051.56,629051.56,297546.95,222466.55
SMB,Support Microfinance Bittiya Sanstha Ltd.,Microcredit,52.92,35.64,9.9,22.05,76253.34,259967.88,44950.53,135260.41,16200.34,51198.6,,52.92,41.81,190.55,169.62,2149955.26,2112711.31,1916640.39,1905023.37,122443.45,122443.45,110871.42,85244.48
SMFBS,Swabhimaan Laghubitta Bittiya Sanstha Ltd,Microcredit,20.93,83.78,9.11,57.36,102310.24,400593.69,52672.55,205089.11,8027.1,72350.99,,20.93,47.15,192.35,187.27,3080300.11,3122469.16,2785143.52,2835118.95,153445.51,153445.51,141711.08,133904.7
SMH,Super Mai Hydropower Limited,Hydro Power,24.78,29.06,5.52,33.08,68594.51,198698.28,61293.33,177101.69,33141.43,70379.19,,24.78,13.15,130.36,124.17,1369741.04,1357560.56,672310.67,693271.62,535000.0,535000.0,162430.38,129288.94
SMHL,Super Madi Hydropower Limited,Hydro Power,20.3,28.48,5.18,20.31,395563.14,1126539.34,385094.08,1045338.58,111884.29,139540.5,,20.3,6.33,111.49,107.63,9865162.34,9475436.64,7406786.27,7102196.88,2205000.0,2205000.0,253376.06,168239.75
SMJC,Sagarmatha Jalabidhyut Company Limited,Hydro Power,10.46,47.79,4.61,48.09,81157.39,232432.25,74238.4,194454.14,30686.54,25564.05,,10.46,2.18,108.42,106.62,2513134.15,2559639.3,1241134.22,1308735.38,1173200.0,1173200.0,98799.94,77703.92
SMPDA,Sampada Laghubitta Bittiya Sanstha Limited,Microcredit,30.98,28.71,4.77,45.43,328681.09,1247980.53,168069.04,535225.09,54276.49,80331.09,,30.98,11.46,186.58,150.08,11136290.96,10640527.31,9828653.81,9588712.63,700858.35,700858.35,606778.8,350956.33
SNLI,Sun Nepal Life Insurance Company Limited,Life Insurance,19.02,24.92,3.79,58.44,1302173.0,5350806.79,613188.44,1272252.7,239277.62,542478.61,,19.02,10.83,161.89,154.35,18850031.89,18261689.17,10705111.29,10531018.79,5031226.5,5008691.6,1259741.84,986804.56
SONA,Sonapur Minerals And Oil Limited,Manufacturing And Processing,5.68,74.36,2.2,49.79,671071.8,2627458.45,234676.1,712940.93,43688.34,6150.26,,5.68,0.2,191.91,190.49,14125802.11,13940764.61,8224465.84,8083116.67,3075050.0,3075050.0,2826286.27,2782597.93
SPC,Samling Power Company Limited,Hydro Power,17.43,30.07,4.68,61.06,78418.7,225855.6,68078.34,200916.25,21785.77,3858.61,,17.43,0.77,112.0,107.84,2132559.39,2158994.57,1572546.3,1619792.75,500000.0,500000.0,60013.09,39201.82
SPDL,Synergy Power Development Ltd.,Hydro Power,12.87,30.53,3.35,62.86,82573.33,189738.76,79196.64,164403.12,38939.77,60591.55,,12.87,5.01,117.33,115.39,1789969.59,1677917.63,370387.66,281880.93,1209862.5,1209862.5,209719.43,186174.2
SPHL,Sayapatri Hydropower Limited,Hydro Power,20.67,27.42,5.87,58.81,27439.87,57817.85,26462.11,49773.75,15504.04,5777.99,,20.67,1.93,96.55,91.38,541761.26,526039.51,252111.22,251893.51,300000.0,300000.0,-10349.96,-25853.99
SPIL,Siddhartha Premier Insurance Limited,Non Life Insurance,-42.55,-17.66,1.33,67.69,492445.49,3093456.43,-269742.51,1907454.0,-298541.77,713180.71,,-42.55,25.41,265.13,274.56,22491158.57,15497657.03,15050018.31,7791957.77,2806549.9,2806549.9,728805.34,955088.64
SPL,Shuvam Power Limited,Hydro Power,20.11,42.43,8.53,43.36,6232.29,22467.88,5571.22,17478.71,10052.48,5250.3,,20.1,2.63,100.02,95.05,248705.33,241562.14,48663.36,51463.98,200000.0,200000.0,41.96,-9901.84
SRLI,Sanima Reliance Life Insurance Limited,Life Insurance,11.93,33.02,3.64,67.76,2224814.44,8479927.9,339187.64,1167401.55,149608.05,377493.66,,11.93,7.53,110.57,111.59,27672278.13,26299937.62,22127406.0,20703995.71,5014924.06,5014924.06,406910.48,342646.1
SSHL,Shiva Shree Hydropower Ltd,Hydro Power,-0.07,-2333.94,5.08,33.89,149600.65,396721.76,146477.26,385590.55,-306.05,10062.85,,-0.07,0.68,30.36,12.56,4991449.21,4959779.84,4428524.98,4774297.87,1854148.3,1476400.0,-1291224.08,-1290918.02
STC,Salt Trading Corporation,Trading,,,,66.13,,,,,,,,,,,,,,,,,,,
SWASTIK,Swastik Laghubitta Bittiya Sanstha Limited,Microcredit,27.65,99.47,18.33,77.55,31395.23,91361.55,20428.29,40618.45,3991.37,9973.38,,27.65,28.78,150.03,200.32,791163.51,672374.15,704523.22,602963.07,57750.0,34650.0,28890.29,34761.08
SWBBL,Swabalamban Bikas Bank,Microcredit,13.98,52.88,3.24,48.37,926996.3,3274669.61,541200.33,1837354.25,57880.3,442674.53,,13.98,26.72,227.88,227.05,24273441.61,23786726.11,20498341.83,20025306.67,1656625.0,1656625.0,2118474.78,2104794.43
SWMF,Suryodaya Womi Laghubitta Bittiya Sanstha Limited,Microcredit,22.58,30.11,4.51,46.36,401662.47,1564651.67,207530.87,814261.86,62452.4,138244.14,,22.58,12.5,150.92,145.25,12759835.3,12626166.7,11090278.85,11019279.46,1106286.3,1106286.3,563270.16,500600.95
SYPNL,SY Panel Nepal Limited,Manufacturing And Processing,,,,0.0,,,,,,,,,,,,,,,,,,,
TAMOR,Sanima Middle Tamor Hydropower Limited,Hydro Power,25.21,17.89,3.87,40.34,574666.87,1973130.41,518382.22,1711921.36,210016.41,405568.47,,25.21,12.17,116.44,110.02,14267143.79,14217332.45,10386756.36,10550788.64,3332497.0,3332497.0,547890.43,334046.81
TPC,Terhathum Power Company Limited,Hydro Power,28.12,13.44,3.79,63.0,82307.76,155119.66,67718.51,100507.26,56247.67,23391.36,,28.12,5.85,99.61,61.63,1213820.49,1184062.49,416924.16,937554.58,800000.0,400000.0,-3103.67,-153492.09
TRH,Taragaon Regency Hotel,Hotels,-4.84,-146.48,4.5,49.48,203820.88,1735956.82,-486.22,752939.55,-23742.88,515433.97,,-4.84,26.27,157.49,161.65,4653009.43,4604126.05,1562915.01,1432319.6,1962120.16,1962120.16,1127974.26,1209686.29
TSHL,Three Star Hydropower Limited,Hydro Power,13.46,50.9,9.61,43.61,60039.51,150617.0,48473.59,129019.25,16569.5,253.67,,13.46,0.05,71.28,68.47,1389889.35,1384986.32,1038859.48,1047784.02,492500.0,492500.0,-141470.13,-155297.7
TTL,Trade Tower Limited,Trading,,,,47.31,,,,,,,,,,,,,,,,,,,
TVCL,Trishuli Jal Vidhyut Company Limited,Hydro Power,-6.14,-64.31,4.82,35.2,0.0,0.0,0.0,0.0,-27475.05,-30386.77,,-6.14,-1.7,81.94,83.41,7132449.26,6914230.81,5666391.78,5421943.17,1789162.77,1789162.77,-323105.29,-296875.13
UAIL,United Ajod Insurance Limited,Non Life Insurance,-26.18,-17.38,2.35,49.79,363461.68,1744856.23,-60365.58,1003990.33,-151193.33,216432.84,,-26.18,9.37,169.49,176.76,7832148.34,7341919.38,3916832.42,3258860.73,2310000.0,2310000.0,-50552.06,100641.27
UHEWA,Upper Hewakhola Hydropower Company Limited,Hydro Power,41.46,14.83,4.88,60.32,93319.76,227662.72,91687.12,223060.96,51827.92,65431.98,,41.46,13.09,126.07,115.33,1585300.93,1545458.41,954951.84,968820.65,500000.0,500000.0,130349.1,76637.76
ULBSL,Upakar Laghubitta Bittiya Sanstha Limited,Microcredit,29.12,118.48,11.72,36.52,84893.94,324786.0,42778.54,155373.0,7727.08,34245.0,,29.12,32.26,294.27,223.22,2833721.16,2996373.0,2453583.08,2759430.0,106148.2,106148.0,206217.74,130795.0
ULHC,Upper Lohore Khola Hydropower Company Limited,Hydro Power,-0.36,-1288.63,4.68,50.35,0.0,0.0,0.0,0.0,-1364.87,-1131.92,,-0.36,-0.44,98.27,98.31,1234679.23,1206096.49,733719.06,704903.37,509804.0,509804.0,-8843.83,-8610.88
UMHL,United Modi Hydropower,Hydro Power,6.24,89.99,5.14,49.28,76260.0,282682.0,71270.0,264822.0,19181.0,52047.0,,6.24,4.23,109.24,107.68,2134179.0,2128029.0,789994.0,803026.0,1230500.0,1230500.0,113684.0,94503.0
UMRH,United IDI Mardi RB Hydropower Limited,Hydro Power,23.08,23.96,4.95,48.26,63338.2,159855.66,51769.44,142623.26,26586.06,26268.77,,23.08,5.7,111.73,105.96,1450865.08,1425966.8,935996.41,937684.18,460824.0,460824.0,54044.68,27458.62
UNHPL,Union Hydropower Limited,Hydro Power,7.79,62.13,4.71,44.78,27751.91,75097.13,27210.99,73483.79,14603.41,26222.84,,7.79,3.5,102.84,100.89,794477.87,781904.21,23187.77,25217.52,750000.0,750000.0,21290.11,6686.69
UNL,Unilever Nepal,Manufacturing And Processing,1302.5,35.74,7.76,45.98,2029900.0,8412400.0,959800.0,4655600.0,299900.0,1961900.0,,1302.5,2130.18,6001.3,5663.63,8229500.0,7967700.0,2702300.0,2751400.0,92100.0,92100.0,5435100.0,5124100.0
UNLB,Unique Nepal Laghubitta Bittiya Sanstha Limited,Microcredit,50.07,38.45,7.07,45.26,136720.77,470619.86,72883.69,225112.79,18598.06,40528.41,,50.07,27.28,272.14,269.94,3791462.05,3774800.83,3387131.94,3373730.18,148575.0,148575.0,255755.11,252495.65
UPCL,Universal Power Company Ltd,Hydro Power,9.4,38.9,3.19,48.04,95358.35,337822.67,87808.22,284829.67,53600.06,139913.68,,9.4,6.14,114.76,112.56,4059217.93,4049135.38,1442660.63,1482820.86,2279929.93,2279929.93,336627.37,286384.6
UPPER,Upper Tamakoshi Hydropower Ltd,Hydro Power,31.63,5.5,3.27,43.92,3855149.07,6923881.51,3748790.91,6744664.26,1674689.0,-2572538.62,,31.63,-12.15,53.25,45.34,85007782.97,84402176.29,73730376.08,74799458.41,21180000.0,21180000.0,-9902593.12,-11577282.12
USHEC,Upper Solu Hydro Electric Company Limited,Hydro Power,34.52,13.44,4.12,46.09,258348.2,724053.74,236879.9,621961.28,116498.34,113203.31,,34.52,8.39,112.67,102.74,4828372.48,4751944.57,3307319.6,3364902.82,1350000.0,1350000.0,171052.87,37041.76
USHL,Upper Syange Hydropower Limited,Hydro Power,1.67,516.27,9.32,58.2,18948.4,51787.61,18176.4,47108.84,916.18,76257.52,,1.67,34.66,92.25,93.61,629863.36,625739.41,426911.43,419788.69,220000.0,220000.0,-17048.07,-14049.28
USLB,Unnati Sahakarya Laghubitta Bittiya Sanstha Limited,Microcredit,6.95,214.52,9.94,34.19,129161.81,542820.98,66354.93,270427.07,4286.64,52431.29,,6.95,21.24,149.95,148.21,4100603.13,4049718.17,3730434.37,3683836.04,246865.74,246865.74,123303.02,119016.39
VLBS,Vijaya Laghubitta Bittiya Sanstha,Microcredit,17.19,44.51,4.5,44.09,337767.37,1335547.43,173971.87,634166.35,32011.14,96778.15,,17.19,12.99,169.93,165.62,11305662.26,10991974.08,10039618.83,9758006.1,745040.36,745040.36,521003.06,488927.62
VLUCL,Vision Lumbini Urja Company Limited,Hydro Power,-19.8,-28.54,4.38,46.14,96825.17,379176.86,59204.27,334488.94,-94663.58,-42759.09,,-19.8,-2.24,129.07,134.14,6981993.96,7034670.15,4513459.79,4469173.21,1912500.0,1912500.0,556034.17,652996.94
WNLB,Wean Nepal Laghubitta Bittiya Sanstha Limited,Microcredit,4.45,336.37,10.77,9.93,28109.28,106378.27,14135.04,47086.57,937.82,9697.74,,4.45,11.5,138.94,137.95,957851.26,876841.04,840665.53,760492.81,84340.55,84340.55,32845.18,32007.67
