Ticker,Stock Name,Sector,Today's Price,Market Cap,Daily Change (%),Weekly Change (%),Monthly Change (%),3-Month Change (%),Yearly Change (%),5-Year Change (%),EPS (Trailing),P/E Ratio,P/B Ratio,Total Revenue (Latest Quarter),Total Revenue (Previous Quarter),Total Revenue % Change,Gross Profit (Latest),Gross Profit (Previous),Gross Profit % Change,Net Profit (Latest),Net Profit (Previous),Net Profit % Change,Annualized EPS (Latest),Annualized EPS (Previous),Annualized EPS % Change,Book Value per Share (Latest),Book Value per Share (Previous),Book Value per Share % Change,Total Assets (Latest),Total Assets (Previous),Total Assets % Change,Total Liabilities (Latest),Total Liabilities (Previous),Total Liabilities % Change,Paid-up Capital (Latest),Paid-up Capital (Previous),Paid-up Capital % Change,Reserves (Latest),Reserves (Previous),Reserves % Change,ROE,D/E Ratio
ACLBSL,Aarambha Chautari Laghubitta Bittiya Sanstha Limited,Microcredit,937.00,3.44 Ar,-0.64%,+2.50%,+3.75%,-1.15%,-15.27%,-33.25%,27.79,33.72,5.18,819953.84,605751.25,+35.36%,474512.62,333973.72,+42.08%,102017.98,93684.51,+8.90%,27.79,34.02,-18.33%,180.9,179.21,+0.95%,5950772.97,6160957.14,-3.41%,5286596.48,5503003.4,-3.93%,367143.41,367143.41,0.00%,297033.08,290810.33,+2.14%,0.1536,7.9596
ADBL,Agriculture Development Bank,Commercial Banks,304.00,42.12 Ar,-0.26%,-1.30%,+0.76%,-1.90%,-1.95%,-26.93%,16.11,18.87,1.3,20974502.04,15446740.24,+35.79%,9121508.26,6634494.24,+37.49%,2630641.84,1393973.95,+88.72%,16.11,10.71,+50.37%,233.99,230.49,+1.52%,420134125.1,399787449.61,+5.09%,381227797.3,361381539.74,+5.49%,19738231.09,19738231.09,0.00%,19168096.67,18667678.78,+2.68%,0.0688,9.7986
ADBLB87,Agricultural Bond (9 Year),Bond,"1,016.00",0.00,0.00%,NaN%,NaN%,NaN%,NaN%,NaN%,,,,,,,,,,,,,,,,,,,,,,,,,,,,,,,,
ADBLD83,10.35% Agricultural Bank Debenture 2083,Bond,"1,015.00",0.00,-0.98%,+0.14%,-4.74%,-4.21%,-6.82%,-3.76%,,,,,,,,,,,,,,,,,,,,,,,,,,,,,,,,
AHL,,,420.50,1.43 Ar,+1.82%,-0.02%,+0.49%,-27.03%,-34.85%,+25.68%,-17.41,-24.16,6.14,81461.84,51964.86,+56.76%,60172.5,30152.73,+99.56%,-59183.63,-49240.48,+20.19%,-17.41,-19.31,-9.86%,68.43,71.36,-4.10%,1351716.06,1278625.89,+5.72%,1119042.8,1036009.49,+8.01%,340000.0,340000.0,0.00%,-107326.74,-97383.6,+10.21%,-0.2544,4.8095
AHPC,Arun Valley Hydropower Development,Hydro Power,264.89,10.19 Ar,-0.38%,-0.78%,+1.88%,-4.70%,-5.11%,-3.55%,3.41,77.62,2.41,287047.96,229118.16,+25.28%,240411.7,201121.98,+19.54%,137892.44,133685.44,+3.15%,3.41,4.41,-22.64%,109.71,110.71,-0.91%,4720989.53,4773912.25,-1.11%,288450.57,300620.02,-4.05%,4040403.15,4040403.15,0.00%,392135.81,432889.09,-9.41%,0.0311,0.0651
AKJCL,Ankhu Khola Jalvidhyut Company Ltd.,Hydro Power,360.00,7.20 Ar,-0.83%,-2.94%,+5.83%,+2.25%,+75.70%,+66.51%,3.18,113.22,3.84,224292.68,172480.16,+30.04%,188284.16,142440.52,+32.18%,63595.21,38335.96,+65.89%,3.18,2.56,+24.42%,93.69,92.42,+1.37%,2558235.75,2557504.45,+0.03%,684504.47,709032.42,-3.46%,2000000.0,2000000.0,0.00%,-126268.72,-151527.97,-16.67%,0.0339,0.3653
AKPL,,,253.20,9.86 Ar,-1.06%,-0.81%,+3.19%,-4.87%,-3.30%,-15.78%,2.05,123.8,2.49,,,,,,,,,,,,,,,,,,,,,,,,,,,,,
ALBSL,Asha Laghubitta Bittiya Sanstha Ltd,Microcredit,"1,122.90",8.23 Ar,-0.19%,+3.69%,+8.07%,+1.59%,+24.63%,+2.85%,32.63,34.41,6.43,1537326.33,1110273.23,+38.46%,884504.48,622200.83,+42.16%,261939.32,176262.59,+48.61%,32.63,29.28,+11.46%,174.67,163.92,+6.56%,12314836.38,12040384.92,+2.28%,10912766.9,10724603.8,+1.75%,802685.68,802685.68,0.00%,599383.8,513095.44,+16.82%,0.1868,7.7833
ALICL,Asian Life Insurance,Life Insurance,420.00,21.00 Ar,+0.24%,-1.37%,+0.24%,-8.09%,-9.32%,-23.41%,7.89,53.25,3.82,14256928.25,10062267.52,+41.69%,1801939.31,1353167.6,+33.16%,414200.48,347386.59,+19.23%,7.89,9.26,-14.83%,120.13,125.01,-3.91%,62335123.93,60602514.87,+2.86%,56026879.85,54350432.84,+3.08%,5251217.17,5001159.21,+5.00%,526725.18,717318.77,-26.57%,0.0657,8.8815
ANLB,Aatmanirbhar Laghubitta Bittiya Sanstha Limited,Microcredit,"5,320.00",4.17 Ar,-1.48%,-2.24%,-19.84%,-10.74%,+6.89%,+1679.94%,69.71,76.31,14.68,232898.68,165665.49,+40.58%,153659.59,109832.7,+39.90%,62399.54,48469.67,+28.74%,69.71,82.49,-15.49%,362.38,484.74,-25.24%,2182422.96,2085564.09,+4.64%,1858064.83,1705803.54,+8.93%,89507.2,78343.28,+14.25%,234850.93,301417.26,-22.08%,0.1924,5.7284
APHL,Appolo Hydropower Limited,Hydro Power,805.00,3.78 Ar,-0.62%,-2.17%,-4.69%,+135.06%,+135.06%,+135.06%,-4.12,-195.37,7.86,32523.39,4007.92,+711.48%,16718.81,629.57,"+2,555.60%",-19365.85,-5302.21,+265.24%,-4.12,-2.15,+91.75%,102.41,110.55,-7.36%,1570851.32,2992708.62,-47.51%,1089505.35,1172056.82,-7.04%,470000.0,329000.0,+42.86%,11345.98,34705.63,-67.31%,-0.0402,2.2635
API,Api Power,Hydro Power,332.90,20.23 Ar,+0.39%,-0.09%,+2.98%,-3.55%,+16.95%,+19.83%,15.06,22.11,2.79,1766558.36,1304385.66,+35.43%,1527791.42,1130238.0,+35.17%,960605.09,658546.63,+45.87%,15.06,13.76,+9.40%,119.51,115.32,+3.63%,15612787.44,16089667.85,-2.96%,7988559.99,8732286.61,-8.52%,6379724.2,6379724.2,0.00%,1244503.23,977657.04,+27.29%,0.126,1.0478
AVYAN,Aviyan Laghubitta Bittiya Sanstha Limited,Microcredit,"1,075.00",2.69 Ar,-1.29%,+4.51%,+6.45%,-1.45%,+1.07%,+213.29%,57.04,18.85,6.77,518436.39,383655.61,+35.13%,311683.51,226058.78,+37.88%,142608.42,98498.19,+44.78%,57.04,52.53,+8.59%,158.75,157.84,+0.58%,3710635.02,3669983.76,+1.11%,3313759.69,3275378.55,+1.17%,250000.0,250000.0,0.00%,146875.33,144605.21,+1.57%,0.3593,8.3496
BANDIPUR,Bandipur Cablecar and Tourism Limited,Hotels,693.50,19.63 Ar,+1.17%,-1.65%,+3.08%,-14.74%,+118.66%,+118.66%,-1.96,-354.61,7.59,83771.74,60824.94,+37.73%,19737.47,16578.66,+19.05%,-55344.65,-41693.66,+32.74%,-1.96,-1.96,-0.45%,91.41,91.9,-0.52%,3880296.55,3886144.71,-0.15%,1293260.46,1285457.62,+0.61%,2829993.0,2829993.0,0.00%,-242956.9,-229305.91,+5.95%,-0.0214,0.4999
BARUN,Barun Hydropower,Hydro Power,320.00,3.43 Ar,-0.93%,+0.09%,+4.63%,-6.35%,-10.50%,+41.81%,2.08,153.72,2.96,109238.01,75366.95,+44.94%,90330.63,64651.07,+39.72%,23367.22,16953.84,+37.83%,2.08,2.01,+3.37%,108.19,107.72,+0.44%,1490067.88,1492110.72,-0.14%,275626.38,282969.3,-2.59%,1122532.43,1122532.43,0.00%,91909.07,86608.99,+6.12%,0.0192,0.227
BBC,Bishal Bazar,Trading,"4,080.00",163.61 Ar,-2.86%,-1.82%,+3.19%,-12.50%,-21.86%,-38.04%,3.67,1110.23,31.64,,,,,,,,,,,,,,,,,,,,,,,,,,,,,
BEDC,Bhugol Energy Development Company Limited,Hydro Power,319.39,1.74 Ar,+0.12%,-0.93%,+2.87%,-11.44%,-56.29%,+43.05%,-1.7,-188.32,6.9,62444.81,49435.88,+26.31%,57689.31,43175.89,+33.61%,-9227.59,-508.41,"+1,714.99%",-1.7,-0.12,"+1,261.24%",46.28,47.88,-3.35%,816359.85,839538.46,-2.76%,564567.99,579027.43,-2.50%,544053.4,544053.4,0.00%,-292261.54,-283542.36,+3.08%,-0.0367,2.2422
BFC,,,485.00,4.32 Ar,-1.82%,-1.59%,-2.76%,+7.79%,-3.37%,-9.19%,8.8,55.12,4.3,,,,,,,,,+236.02%,8.8,3.93,+124.02%,112.72,107.3,+5.06%,7451218.29,7303826.25,+2.02%,6447509.81,6348434.2,+1.56%,890424.24,890424.24,0.00%,113284.24,64967.81,+74.37%,0.0781,6.4237
BGWT,Bhagawati Hydropower Development Company Limited,Hydro Power,514.10,3.06 Ar,-3.00%,-4.85%,+1.92%,-20.78%,-32.53%,+64.29%,9.01,57.08,4.54,154099.6,129217.98,+19.26%,129160.12,111273.45,+16.07%,61090.05,56770.3,+7.61%,9.01,11.16,-19.29%,113.3,112.67,+0.57%,985754.79,984465.12,+0.13%,217276.59,220306.68,-1.38%,678239.9,678239.9,0.00%,90238.3,85918.54,+5.03%,0.0795,0.2827
BHCL,Bikash Hydropower Company Limited,Hydro Power,522.10,4.75 Ar,+6.86%,-1.09%,+6.91%,-3.99%,+52.07%,+52.07%,10.81,48.3,4.64,190898.91,138139.74,+38.19%,176672.42,129024.14,+36.93%,98272.48,71083.1,+38.25%,10.81,10.43,+3.69%,112.53,109.64,+2.64%,1191612.62,1286599.94,-7.38%,168574.96,289902.24,-41.85%,909101.3,909101.3,0.00%,113936.36,87596.4,+30.07%,0.0961,0.1648
BHDC,Bindhyabasini Hydropower Development Company Limited,Hydro Power,428.00,4.84 Ar,-0.70%,+0.35%,+1.41%,-6.95%,-22.66%,+41.58%,11.79,36.31,3.62,455635.11,353104.81,+29.04%,444964.27,344876.58,+29.02%,139841.02,117655.74,+18.86%,11.79,13.22,-10.86%,118.32,117.43,+0.75%,3193230.87,2916602.47,+9.48%,1789666.98,1523491.11,+17.47%,1186290.0,1186290.0,0.00%,217273.89,206821.36,+5.05%,0.0996,1.2751
BHL,Balephi Hydropower Limited,Hydro Power,211.00,7.71 Ar,-0.47%,+0.95%,+5.47%,-4.72%,+4.77%,+101.04%,8.59,24.55,2.64,878539.64,637244.6,+37.87%,806182.45,582183.75,+38.48%,235658.82,228148.23,+3.29%,8.59,12.48,-31.14%,79.95,80.85,-1.12%,8669860.0,8682443.29,-0.14%,5746986.68,5726577.62,+0.36%,3655940.0,3655940.0,0.00%,-733066.68,-700074.34,+4.71%,0.1074,1.9662
BHPL,Barahi Hydropower Public Limited,Hydro Power,489.90,1.22 Ar,-0.02%,-1.80%,+4.81%,-6.13%,-37.21%,+129.29%,-0.59,-836.55,9.79,23794.39,20646.36,+15.25%,22135.8,20170.33,+9.74%,-1098.03,2329.91,-147.13%,-0.59,1.86,-131.42%,50.03,51.12,-2.15%,371443.0,368206.23,+0.88%,246373.46,240394.61,+2.49%,250000.0,250000.0,0.00%,-124930.46,-122188.38,+2.24%,-0.0118,1.9699
BJHL,Bhujung Hydropower Limited,Hydro Power,696.00,6.96 Ar,+1.31%,-2.41%,+4.57%,-28.44%,+131.24%,+131.24%,-2.6,-267.77,7.82,170084.2,124093.86,+37.06%,131337.17,103377.24,+27.05%,-25992.36,-24428.84,+6.40%,-2.6,-3.26,-20.20%,88.95,88.82,+0.15%,1822133.29,1825403.01,-0.18%,932638.65,937231.49,-0.49%,1000000.0,1000000.0,0.00%,-110505.37,-111828.48,-1.18%,-0.0292,1.0485
BNHC,Buddha Bhumi Nepal Hydropower Company Limited,Hydro Power,282.89,1.13 Ar,-1.09%,-1.72%,+4.00%,-12.00%,-8.65%,+58.14%,1.49,189.73,2.82,185017.46,146421.73,+26.36%,172928.8,139149.85,+24.28%,11953.74,23342.85,-48.79%,1.49,7.53,-80.20%,100.38,81.58,+23.04%,1587996.25,1328961.06,+19.49%,783246.82,991779.96,-21.03%,801690.4,413304.4,+93.97%,3059.04,-76123.33,-104.02%,0.0148,0.9733
BNT,Bottlers Nepal (Terai),Manufacturing And Processing,"11,625.00",14.07 Ar,-2.30%,+2.49%,+3.01%,+0.03%,-5.29%,+9.58%,544.86,21.34,3.35,8838064.0,5651476.0,+56.39%,2814131.0,1648168.0,+70.74%,659281.0,277051.0,+137.96%,544.86,305.29,+78.47%,3470.17,3137.85,+10.59%,8157998.0,9517745.0,-14.29%,3959093.0,5720941.0,-30.80%,121000.0,121000.0,0.00%,4077905.0,3675804.0,+10.94%,0.157,0.9429
BPCL,Butwal Power,Hydro Power,644.90,21.99 Ar,-0.63%,-0.61%,+0.17%,-2.13%,-23.14%,+30.95%,9.84,65.54,2.97,801615.0,622704.0,+28.73%,359859.0,315933.0,+13.90%,335442.0,299317.0,+12.07%,9.84,11.71,-15.95%,216.97,214.84,+0.99%,7871053.0,7830268.0,+0.52%,474370.0,506359.0,-6.32%,3409065.0,3409065.0,0.00%,3987618.0,3914844.0,+1.86%,0.0454,0.0641
BUNGAL,Bungal Hydro Limited,Hydro Power,580.10,4.81 Ar,-0.84%,-0.02%,+1.74%,+0.52%,+75.89%,+75.89%,-3.84,-151.08,7.12,282478.45,236641.65,+19.37%,258035.75,225724.45,+14.31%,-31869.77,-4890.0,+551.73%,-3.84,-0.79,+388.80%,81.42,84.68,-3.85%,2975146.25,2994993.73,-0.66%,2299363.58,2292174.78,+0.31%,830000.0,830000.0,0.00%,-154217.33,-127181.06,+21.26%,-0.0472,3.4025
C30MF,Citizens Super 30 Mutual Fund,Mutual Fund,10.02,75.30 Cr,+0.20%,+1.01%,+0.70%,-0.99%,+11.42%,+25.56%,,,,,,,,,,,,,,,,,,,,,,,,,,,,,,,,
CBBL,Chhimek Laghubitta Bikas Bank,Microcredit,933.50,30.02 Ar,-0.16%,+0.55%,+2.75%,+1.74%,+1.59%,+0.25%,33.41,27.94,3.86,4910866.13,3247112.4,+51.24%,2203023.14,1459951.04,+50.90%,906476.53,576096.5,+57.35%,33.41,31.85,+4.90%,241.93,233.66,+3.54%,57174457.85,54912940.55,+4.12%,48423333.1,46460994.26,+4.22%,3617264.1,3617264.1,0.00%,5133860.65,4834682.19,+6.19%,0.1381,5.5334
CFCL,Central Finance,Finance,639.00,6.06 Ar,-1.08%,-4.30%,+7.65%,+29.72%,+23.28%,+9.16%,5.19,123.11,5.57,481029.84,318245.75,+51.15%,164584.16,102505.2,+60.56%,36938.26,39191.3,-5.75%,5.19,8.26,-37.17%,114.62,113.65,+0.85%,9947036.36,9561730.99,+4.03%,8859417.86,8483312.93,+4.43%,948875.46,948875.46,0.00%,138743.04,129542.6,+7.10%,0.0453,8.1457
CGH,Chandragiri Hills Limited,Hotels,777.70,11.93 Ar,-0.89%,+0.82%,+3.25%,-2.27%,-15.85%,-45.41%,-0.77,-1005.01,7.76,482935.97,269643.56,+79.10%,206591.78,105978.86,+94.94%,-9348.49,-47020.56,-80.12%,-0.77,-6.13,-87.38%,100.2,103.02,-2.74%,3973672.1,3929666.72,+1.12%,2359712.57,2349306.18,+0.44%,1610795.55,1534091.0,+5.00%,3163.98,46269.54,-93.16%,-0.0077,1.4621
CHCL,Chilime Hydropower,Hydro Power,478.90,42.06 Ar,-0.66%,-2.01%,+1.28%,+1.28%,+0.96%,+8.99%,7.59,63.08,3.87,1167632.06,823664.77,+41.76%,912434.69,669997.57,+36.18%,720059.19,456995.1,+57.56%,7.59,6.42,+18.17%,123.9,121.0,+2.40%,12186987.59,11918749.91,+2.25%,434753.42,441487.85,-1.53%,9484988.68,9484988.68,0.00%,2267245.51,1992273.37,+13.80%,0.0613,0.037
CHDC,,,"2,228.00",23.04 Ar,+0.13%,+0.32%,+7.49%,-2.50%,-16.28%,+166.35%,61.12,36.45,8.29,,,,,,,,,,,,,,,,,,,,,,,,,,,,,
CHL,Chhyangdi Hydropower Ltd.,Hydro Power,269.00,2.08 Ar,-1.10%,+0.74%,+7.51%,-6.21%,-9.63%,-10.93%,1.72,156.33,3.19,176038.94,139439.13,+26.25%,137044.31,113211.18,+21.05%,13317.65,18885.66,-29.48%,1.72,3.25,-47.11%,84.29,85.09,-0.94%,1323949.36,1339147.05,-1.13%,671561.09,680579.26,-1.33%,773955.0,773955.0,0.00%,-121566.73,-115387.21,+5.36%,0.0204,1.0294
CIT,Citizen Investment Trust,Organized Fund,"1,700.00",110.19 Ar,-0.79%,+0.21%,+2.30%,-2.97%,-7.05%,-11.86%,19.84,85.68,5.93,2250080.0,1640775.0,+37.14%,2166548.0,1576186.0,+37.46%,1350310.0,986058.0,+36.94%,19.84,19.32,+2.71%,286.85,286.31,+0.19%,370279496.0,330588135.0,+12.01%,350757367.0,311102142.0,+12.75%,6805798.0,6805798.0,0.00%,12716331.0,12680193.0,+0.28%,0.0692,17.9672
CITY,,,365.00,6.11 Ar,-1.43%,-0.99%,+7.33%,-9.02%,-40.12%,+229.64%,-5.74,-63.54,3.8,,,,,,,,,,,,,,,,,,,,,,,,,,,,,
CKHL,Chirkhwa Hydropower Limited,Hydro Power,600.60,2.40 Ar,-1.54%,+5.50%,+13.17%,-5.72%,-8.60%,+84.85%,4.3,139.64,6.66,101166.26,82538.76,+22.57%,86984.79,74277.1,+17.11%,12903.52,35084.61,-63.22%,4.3,17.54,-75.48%,90.17,95.71,-5.79%,1165152.16,1203488.11,-3.19%,804475.1,820629.95,-1.97%,400000.0,400000.0,0.00%,-39322.94,-17141.84,+129.40%,0.0477,2.2305
CLI,Citizen Life Insurance Company Limited,Life Insurance,440.00,22.00 Ar,+1.85%,-1.84%,-0.92%,-5.05%,-6.46%,+31.16%,7.82,56.29,4.0,11185011.27,7569078.66,+47.77%,1350882.95,1085164.22,+24.49%,390804.42,360044.1,+8.54%,7.82,9.6,-18.59%,131.6,131.17,+0.33%,34411807.9,31791080.61,+8.24%,27831687.74,25232775.29,+10.30%,5000000.0,5000000.0,0.00%,498340.49,470963.81,+5.81%,0.0594,4.2297
CORBL,Corporate Development Bank,Development Bank,"1,058.00",5.55 Ar,+0.28%,+2.94%,-34.06%,-48.10%,-47.01%,+146.17%,9.54,110.86,7.57,206681.62,165458.11,+24.91%,73715.39,67729.64,+8.84%,50103.86,48263.02,+3.81%,9.54,12.26,-22.14%,139.73,139.27,+0.33%,3336160.32,3171872.35,+5.18%,2602553.41,2440709.93,+6.63%,525000.0,525000.0,0.00%,208606.91,206162.42,+1.19%,0.0683,3.5476
CREST,Crest Micro Life Insurance Limited,Life Insurance,"1,179.00",8.84 Ar,-0.08%,-1.18%,+0.42%,+6.68%,-10.06%,+254.64%,2.15,547.97,11.11,364247.85,238898.99,+52.47%,140768.42,72452.91,+94.29%,12102.54,11751.21,+2.99%,2.15,3.13,-31.34%,111.17,111.12,+0.04%,1213688.85,1203801.29,+0.82%,379923.62,370387.39,+2.57%,750000.0,750000.0,0.00%,45630.77,45318.08,+0.69%,0.0193,0.4557
CSY,,,8.25,1.03 Ar,-8.33%,-0.22%,-0.11%,-2.70%,-3.43%,-3.43%,,,,,,,,,,,,,,,,,,,,,,,,,,,,,,,,
CYCL,CYC Nepal Laghubitta Bittiya Sanstha Limited,Microcredit,"1,355.00",3.61 Ar,+4.23%,+0.78%,-2.26%,-11.68%,-27.65%,+342.46%,110.66,12.25,3.79,869494.13,612195.4,+42.03%,455163.79,302010.29,+50.71%,294812.21,53430.92,+451.76%,110.66,26.74,+313.82%,357.75,269.54,+32.73%,7266015.04,7381634.53,-1.57%,6312882.64,6663519.02,-5.26%,266424.39,266424.39,0.00%,686707.99,451691.12,+52.03%,0.3093,6.6233
CZBIL,Citizen Bank International,Commercial Banks,202.70,29.94 Ar,-1.07%,+1.44%,+5.89%,+0.94%,+1.16%,-33.02%,13.53,14.98,1.26,15011949.88,11273333.93,+33.16%,6293653.95,4678859.98,+34.51%,2098603.03,1306461.35,+60.63%,13.53,11.23,+20.47%,160.51,155.99,+2.90%,268685134.6,248586906.4,+8.08%,243793487.8,224397126.6,+8.64%,15507463.61,15507463.61,0.00%,9384183.24,8682316.22,+8.08%,0.0843,9.7942
DDBL,Deprosc Laghubitta,Microcredit,853.00,15.94 Ar,-0.23%,+2.40%,+4.78%,+1.04%,+4.09%,-16.69%,48.15,17.72,3.76,3687342.44,2700875.2,+36.52%,2185676.22,1584308.54,+37.96%,989443.9,680132.17,+45.48%,48.15,44.13,+9.11%,226.87,212.26,+6.88%,29736626.33,28943198.11,+2.74%,25074267.69,24580959.4,+2.01%,2055114.27,2055114.27,0.00%,2607244.38,2307124.45,+13.01%,0.2122,5.378
DHEL,Daramkhola Hydro Energy Limited,Hydro Power,594.00,6.12 Ar,-1.00%,+4.17%,+5.26%,+0.84%,+35.62%,+35.62%,-9.88,-60.12,5.03,113974.06,86269.35,+32.11%,66336.63,81428.96,-18.53%,-101817.07,-33484.77,+204.07%,-9.88,-4.33,+128.05%,118.14,128.02,-7.72%,2885239.29,3042563.26,-5.17%,1667826.07,1723332.98,-3.22%,1030500.0,1030500.0,0.00%,186913.22,288730.29,-35.26%,-0.0836,1.37
DHPL,Dibyashwori Hydropower Ltd.,Hydro Power,286.00,75.50 Cr,-1.34%,-1.06%,+12.76%,-1.26%,-5.08%,-21.86%,5.51,51.87,34.13,104418.84,73575.81,+41.92%,99202.4,69700.98,+42.33%,14555.04,5784.5,+151.62%,5.51,2.92,+88.72%,8.38,5.06,+65.68%,754291.21,749320.27,+0.66%,732166.99,735966.6,-0.52%,264000.0,264000.0,0.00%,-241875.78,-250646.33,-3.50%,0.6575,33.0935
DOLTI,Dolti Power Company Limited,Hydro Power,319.89,1.72 Ar,+0.37%,-0.41%,+3.14%,-9.07%,-44.61%,+11.01%,0.87,368.95,5.34,102334.15,78041.7,+31.13%,96163.69,67725.5,+41.99%,4768.64,3337.32,+42.89%,0.87,0.83,+4.54%,59.87,58.54,+2.28%,1054550.84,1021663.34,+3.22%,725250.65,707595.73,+2.50%,549986.0,536486.0,+2.52%,-220685.82,-222418.39,-0.78%,0.0145,2.2024
DORDI,Dordi Khola Jal Bidyut Company Limited,Hydro Power,254.00,5.36 Ar,0.00%,0.00%,+3.38%,-6.62%,-12.45%,+22.41%,1.42,178.68,2.39,274553.1,205865.31,+33.37%,231428.81,176534.7,+31.10%,29972.81,13121.91,+128.42%,1.42,0.83,+71.31%,106.3,105.5,+0.76%,4284849.38,3732157.23,+14.81%,2043529.13,1507687.87,+35.54%,2108520.8,2108520.8,0.00%,132799.46,115948.56,+14.53%,0.0134,0.9118
EBL,,,728.00,94.24 Ar,+0.83%,-0.41%,+4.03%,+2.53%,+9.11%,+55.87%,36.95,19.7,2.84,20102585.0,15016560.0,+33.87%,9190459.0,6833470.0,+34.49%,5069936.0,3329316.0,+52.28%,36.95,32.35,+14.21%,256.47,244.27,+5.00%,383758236.0,378693500.0,+1.34%,348566353.0,345176279.0,+0.98%,13721376.0,13721376.0,0.00%,21470507.0,19795848.0,+8.46%,0.1441,9.9047
EBLD91,Everest Bank Limited Debenture 2091,Bond,"1,062.00",0.00,+1.04%,-3.39%,-6.07%,-2.68%,+3.06%,+2.55%,,,,,,,,,,,,,,,,,,,,,,,,,,,,,,,,
ECL,,,"1,534.10",4.60 Ar,-1.65%,-3.23%,+381.60%,+381.60%,+381.60%,+381.60%,,,,,,,,,,,,,,,,,,,,,,,,,,,,,,,,
EDBL,Excel Development Bank,Development Bank,578.90,7.23 Ar,-1.38%,-0.15%,+4.82%,+1.07%,-6.14%,-24.50%,24.76,23.38,3.25,1213900.1,850279.46,+42.76%,648818.33,415551.76,+56.13%,309400.75,155717.28,+98.69%,24.76,16.61,+49.02%,177.85,184.0,-3.34%,21329580.33,20206851.22,+5.56%,19106959.95,17907363.19,+6.70%,1249694.47,1249694.47,0.00%,972925.91,1049793.56,-7.32%,0.1392,8.5966
EHPL,Eastern Hydropower Limited,Hydro Power,337.00,2.09 Ar,+0.72%,-2.73%,-1.30%,-11.25%,-43.77%,+40.82%,3.39,99.34,4.42,146820.58,118457.97,+23.94%,126404.28,107884.4,+17.17%,21033.37,29857.25,-29.55%,3.39,6.42,-47.17%,76.3,77.73,-1.83%,1079472.12,1095460.23,-1.46%,606389.17,613553.42,-1.17%,620000.0,620000.0,0.00%,-146917.06,-138093.18,+6.39%,0.0444,1.2818
ENL,Emerging Nepal Limited,Organized Fund,823.90,4.58 Ar,+2.51%,+1.61%,+2.51%,-10.20%,-23.34%,+184.69%,2.7,304.89,7.48,22590.92,22539.01,+0.23%,19236.74,20821.88,-7.61%,15013.78,17748.45,-15.41%,2.7,4.26,-36.56%,110.08,110.58,-0.45%,625166.68,626829.57,-0.27%,13538.92,12467.12,+8.60%,555600.0,555600.0,0.00%,56027.75,58762.45,-4.65%,0.0245,0.0221
FMDBL,First Micro Finance Development Bank,Microcredit,830.00,11.16 Ar,+6.96%,+2.37%,+2.78%,-2.14%,-12.40%,+10.60%,14.18,58.53,6.05,404702.25,309881.65,+30.60%,227491.72,168563.19,+34.96%,190728.22,113712.97,+67.73%,14.18,11.27,+25.80%,137.26,131.53,+4.35%,5694795.77,5776215.4,-1.41%,3848887.36,4007322.23,-3.95%,1344871.32,1344871.32,0.00%,501037.09,424021.85,+18.16%,0.1033,2.0851
FOWAD,Forward Community Microfinance Bittiya Sanstha Ltd.,Microcredit,944.80,11.30 Ar,+0.62%,+1.28%,-2.19%,-10.58%,-20.79%,-41.69%,52.14,18.12,3.39,2958558.77,2155789.63,+37.24%,1517725.67,1084474.5,+39.95%,623582.58,162835.7,+282.95%,52.14,18.15,+187.21%,278.57,239.61,+16.26%,24073759.87,23141584.64,+4.03%,20742163.36,20276019.66,+2.30%,1195953.71,1195953.71,0.00%,2135642.79,1669611.27,+27.91%,0.1872,6.2259
GBBL,Garima Bikas Bank,Development Bank,423.70,24.07 Ar,-0.14%,+0.78%,+7.12%,+2.12%,+6.98%,+5.94%,28.04,15.11,2.39,7505139.45,5595932.22,+34.12%,3815635.15,2799889.84,+36.28%,1688666.31,1048231.02,+61.10%,28.04,23.21,+20.82%,177.26,167.58,+5.78%,113041649.0,108290878.7,+4.39%,102368406.9,98200421.81,+4.24%,6021348.37,6021348.37,0.00%,4651893.66,4069108.57,+14.32%,0.1582,9.5911
,,,,,,,,,,,,,,,,,,,,,,,,,,,,,,,,,,,,,,,,,,
,,,,,,,,,,,,,,,,,,,,,,,,,,,,,,,,,,,,,,,,,,
GBIME,Global Ime Bank,Commercial Banks,252.90,96.39 Ar,+0.52%,-0.28%,+5.94%,+7.29%,+3.27%,-29.75%,16.34,15.48,1.38,40302472.0,29818037.0,+35.16%,16203053.0,11884412.0,+36.34%,6227157.0,4401177.0,+41.49%,16.34,15.4,+6.12%,183.14,178.53,+2.58%,820770089.0,774887689.0,+5.92%,750963825.0,706840464.0,+6.24%,38115853.0,38115853.0,0.00%,31690411.0,29931373.0,+5.88%,0.0892,10.7578
GBIMEP,,,100.00,1.00 Cr,0.00%,-1.57%,-17.22%,-23.66%,-7.41%,-8.96%,16.34,15.48,1.38,,,,,,,,,,,,,,,,,,,,,,,,,,,,,
GBIMESY2,Global IME Sammunat Yojana -2,Mutual Fund,9.00,1.35 Ar,0.00%,-2.17%,-5.26%,-5.26%,-10.00%,-10.00%,,,,,,,,,,,,,,,,,,,,,,,,,,,,,,,,
GBLBS,Grameen Bikas Laghubitta,Microcredit,722.90,7.10 Ar,-2.78%,+0.90%,+0.62%,-2.44%,-10.13%,-44.42%,26.53,27.25,2.49,2160341.68,1588151.48,+36.03%,1383565.6,1013038.18,+36.58%,266712.68,301588.72,-11.56%,26.53,40.0,-33.67%,290.66,295.18,-1.53%,16359817.44,16298628.01,+0.38%,13437680.6,13330999.73,+0.80%,1005350.0,1005350.0,0.00%,1916786.85,1962278.29,-2.32%,0.0913,4.5986
GCIL,Ghorahi Cement Industry Limited,Manufacturing And Processing,344.00,15.71 Ar,-0.58%,-1.14%,+5.81%,-17.60%,-23.43%,-13.91%,-6.13,-56.1,2.08,4773598.91,3578649.87,+33.39%,1183446.93,953962.82,+24.06%,-308072.29,-158668.17,+94.16%,-6.13,-4.21,+45.62%,165.73,168.7,-1.76%,21397698.38,21954624.94,-2.54%,13070889.82,13478412.25,-3.02%,5024454.27,5024454.27,0.00%,3302354.29,3451758.42,-4.33%,-0.037,1.5697
GFCL,Goodwill Finance,Finance,603.00,5.71 Ar,-0.15%,+0.15%,+1.48%,-2.12%,-8.69%,-16.57%,14.28,42.22,2.91,858862.62,679424.44,+26.41%,312108.36,304998.81,+2.33%,101336.5,111708.62,-9.28%,14.28,23.61,-39.52%,207.18,256.65,-19.28%,17876964.96,16162191.26,+10.61%,15916833.85,13733951.54,+15.89%,946115.2,946115.2,0.00%,1014015.91,1482124.52,-31.58%,0.0689,8.1203
GHL,Ghalemdi Hydro Limited,Hydro Power,249.00,4.11 Ar,-3.00%,+12.34%,+18.84%,+8.77%,+5.75%,+14.09%,-2.15,-115.81,2.62,94471.62,69747.43,+35.45%,70189.43,48428.37,+44.93%,-26607.57,-17025.37,+56.28%,-2.15,-2.06,+4.19%,95.07,95.65,-0.61%,2262566.76,2267173.39,-0.20%,693878.24,688902.61,+0.72%,1650000.0,1650000.0,0.00%,-81311.48,-71729.22,+13.36%,-0.0226,0.4423
GIBF1,Global IME Balanced Fund-1,Mutual Fund,10.69,1.10 Ar,-1.02%,-1.64%,+4.35%,+1.22%,+11.69%,+48.18%,,,,,,,,,,,,,,,,,,,,,,,,,,,,,,,,
GILB,,,"1,133.70",7.02 Ar,+2.14%,+1.83%,+4.23%,-0.58%,-12.31%,-37.64%,61.87,18.32,4.67,,,,,,,,,,,,,,,,,,,,,,,,,,,,,
GLBSL,Gurans Laghubitta Bittiya Sanstha,Microcredit,"1,732.00",2.01 Ar,-1.42%,-2.44%,+0.12%,-1.29%,-11.77%,+41.91%,31.11,55.67,10.22,308002.8,225175.9,+36.78%,184973.85,133490.63,+38.57%,41180.52,40327.58,+2.12%,31.11,40.62,-23.41%,169.51,168.91,+0.36%,2319420.33,2366283.64,-1.98%,2095055.62,2142716.98,-2.22%,132358.05,132358.05,0.00%,92006.66,91208.6,+0.87%,0.1835,9.3377
GLH,GreenLife Hydropower Limited,Hydro Power,261.10,4.70 Ar,-1.02%,+2.49%,+9.51%,-1.82%,-0.91%,-54.91%,2.18,119.85,2.34,0.0,0.0,0.00%,0.0,0.0,0.00%,29411.08,18804.06,+56.41%,2.18,2.09,+4.27%,111.36,110.77,+0.53%,11353838.48,11103418.81,+2.26%,9349382.48,9109569.83,+2.63%,1800000.0,1800000.0,0.00%,204456.0,193848.98,+5.47%,0.0196,4.6643
GMFBS,Ganapati Microfinance Bittiya Sanstha,Microcredit,"1,158.00",1.76 Ar,-1.86%,-0.26%,+0.51%,-11.47%,-25.81%,-21.06%,28.68,40.38,7.33,312290.74,252511.97,+23.67%,174174.41,147974.82,+17.71%,43465.95,61044.93,-28.80%,28.68,53.71,-46.60%,158.0,169.51,-6.79%,2495069.1,2629058.96,-5.10%,2255619.08,2372163.53,-4.91%,151554.53,151554.53,0.00%,87895.49,105340.89,-16.56%,0.1815,9.42
GMFIL,Guheshowori Merchant Bank & Finance,Finance,447.00,4.52 Ar,-1.76%,-0.07%,+1.56%,-0.31%,-6.90%,-13.16%,4.56,98.01,2.84,612954.0,487969.0,+25.61%,210424.0,175104.0,+20.17%,46163.0,45567.0,+1.31%,4.56,6.0,-24.02%,157.55,168.38,-6.43%,10032098.0,10148114.0,-1.14%,8437392.0,8443785.0,-0.08%,1012176.0,1012176.0,0.00%,582528.0,692151.0,-15.84%,0.0289,5.2909
GMLI,Guardian Micro Life Insurance Limited,Life Insurance,"1,099.00",8.24 Ar,+0.09%,-0.54%,-4.52%,-14.88%,-45.98%,+231.62%,2.59,423.88,10.58,408768.41,271794.79,+50.40%,71105.5,33775.08,+110.53%,14583.9,13253.74,+10.04%,2.59,3.53,-26.64%,107.08,106.91,+0.17%,1261272.62,1233320.71,+2.27%,458142.34,431520.59,+6.17%,750000.0,750000.0,0.00%,28866.16,27682.32,+4.28%,0.0242,0.5704
GRDBL,Green Development Bank Ltd.,Development Bank,"1,041.00",5.93 Ar,-0.76%,+0.11%,+2.14%,+0.48%,-5.77%,+156.26%,7.63,136.37,8.91,371751.71,252060.06,+47.49%,167005.74,104445.48,+59.90%,35240.1,11002.9,+220.28%,7.63,3.58,+113.52%,116.8,112.86,+3.49%,6816507.55,6906062.46,-1.30%,6097610.6,6211402.71,-1.83%,615500.0,615500.0,0.00%,103396.95,79159.75,+30.62%,0.0653,8.4819
GSY,Garima Samriddhi Yojana,Mutual Fund,9.60,1.20 Ar,+2.67%,-1.68%,-5.94%,-4.88%,-0.74%,+3.89%,,,,,,,,,,,,,,,,,,,,,,,,,,,,,,,,
GUFL,Gurkhas Finance Ltd.,Finance,551.00,4.78 Ar,-3.01%,-1.35%,+5.50%,+8.62%,+4.46%,-50.60%,25.28,21.8,3.29,695399.62,515893.45,+34.80%,313307.49,218555.93,+43.35%,219401.55,129474.71,+69.46%,25.28,19.89,+27.09%,167.43,157.88,+6.05%,11166023.69,10761757.98,+3.76%,9712782.46,9391404.49,+3.42%,867993.8,867993.8,0.00%,585247.42,502359.69,+16.50%,0.151,6.6835
GVL,Green Ventures Limited,Hydro Power,477.00,16.40 Ar,-0.25%,-0.42%,+1.74%,-1.85%,-12.90%,+76.56%,13.07,36.5,3.84,1488581.24,1295694.95,+14.89%,778942.93,804160.98,-3.14%,449234.2,494414.7,-9.14%,13.07,19.18,-31.85%,124.33,125.77,-1.15%,10776605.07,10814998.96,-0.36%,6502816.68,6491534.56,+0.17%,3437500.0,3437500.0,0.00%,836288.39,885964.4,-5.61%,0.1051,1.5216
H8020,Himalayan 80-20,Mutual Fund,11.80,1.18 Ar,0.00%,-3.28%,+0.85%,+1.90%,+15.72%,+41.68%,,,,,,,,,,,,,,,,,,,,,,,,,,,,,,,,
HATHY,Hathway Investment Nepal Limited,Organized Fund,677.00,19.17 Ar,0.00%,-1.30%,-0.43%,-15.90%,-37.76%,+192.69%,0.95,712.13,10.04,117040.51,98832.09,+18.42%,109902.61,29791.84,+268.90%,22610.4,19443.04,+16.29%,0.95,1.23,-22.47%,67.44,67.38,+0.09%,2740139.46,2724757.35,+0.56%,601444.96,587931.77,+2.30%,1585584.0,1585584.0,0.00%,553110.5,551241.58,+0.34%,0.0141,0.2812
HBL,Himalayan Bank,Commercial Banks,194.80,42.19 Ar,-0.10%,+0.05%,+2.20%,-4.27%,-10.37%,-39.54%,6.56,29.71,1.1,,,,,,,,,,,,,,,,,,,,,,,,,,,,,
HDHPC,Himal Dolakha Hydropower Company Limited,Hydro Power,212.00,5.94 Ar,-0.70%,+1.72%,+5.22%,-3.39%,+5.68%,-17.70%,-4.36,-48.6,2.86,69604.77,69604.77,0.00%,14944.97,20528.14,-27.20%,-91600.36,-60494.17,+51.42%,-4.36,-4.32,+0.95%,74.09,75.21,-1.48%,2321625.24,2303687.88,+0.78%,246976.11,197932.56,+24.78%,2800000.0,2800000.0,0.00%,-725350.87,-694244.68,+4.48%,-0.0588,0.119
HDL,Himalayan Distillery,Manufacturing And Processing,"1,175.00",36.11 Ar,+0.77%,-0.09%,+2.10%,+0.69%,+5.31%,-28.14%,32.71,35.92,8.31,4429748.29,3136253.71,+41.24%,3183295.92,2234824.83,+42.44%,1206337.74,851305.53,+41.70%,32.71,30.78,+6.28%,141.43,131.8,+7.30%,5773015.76,5830750.56,-0.99%,557110.24,969877.26,-42.56%,3688082.18,3688082.18,0.00%,1527823.34,1172791.13,+30.27%,0.2313,0.1068
HEI,Himalayan Everest Insurance Limited,Non Life Insurance,535.00,13.38 Ar,+0.56%,-0.93%,+4.31%,+0.43%,-5.36%,+34.38%,5.9,90.73,1.69,1934353.65,1370378.33,+41.15%,665633.73,395647.51,+68.24%,110568.88,15755.11,+601.80%,5.9,1.26,+367.87%,205.28,209.67,-2.09%,11829493.43,12337298.01,-4.12%,6697119.7,7095305.02,-5.61%,2500157.4,2500157.4,0.00%,150194.69,308489.22,-51.31%,0.0287,1.3049
HEIP,Himalayan Everest Insurance Limited Promoter,Non Life Insurance,320.10,85.63 Cr,-3.00%,-2.22%,+6.08%,+3.64%,-7.39%,+48.08%,5.9,90.73,2.61,,,,,,,,,,,,,,,,,,,,,,,,,,,,,
HFIN,Hotel Forest Inn Limited,Hotels,680.00,13.60 Ar,+0.15%,-4.23%,+6.93%,-31.34%,+507.33%,+507.33%,-12.23,-55.61,6.34,196362.29,136829.51,+43.51%,-14642.89,-4766.72,+207.19%,-244568.61,-181089.69,+35.05%,-12.23,-12.07,+1.29%,107.28,110.51,-2.92%,4402572.85,4409939.75,-0.17%,2256938.95,2199704.66,+2.60%,2000000.0,2000000.0,0.00%,145633.9,210235.09,-30.73%,-0.114,1.0519
HHL,Himalayan Hydropower Limited,Hydro Power,343.50,3.76 Ar,+1.33%,+0.77%,+3.35%,-9.16%,-9.25%,+35.17%,7.32,46.91,4.03,329471.8,254538.5,+29.44%,289482.11,225656.38,+28.28%,80177.89,68055.42,+17.81%,7.32,8.29,-11.64%,85.28,84.17,+1.32%,2250737.36,2248631.53,+0.09%,1316922.86,1326939.51,-0.75%,1095000.0,1095000.0,0.00%,-161185.5,-173307.97,-6.99%,0.0858,1.4103
HIDCL,Hydroelectricity Investment and Development Company,Organized Fund,256.00,62.87 Ar,-1.08%,+1.65%,+4.95%,-3.47%,-8.19%,-40.20%,2.93,87.5,2.27,788442.0,560089.0,+40.77%,771754.0,549510.0,+40.44%,546985.0,402245.0,+35.98%,2.93,3.23,-9.34%,112.61,112.02,+0.52%,28813334.0,28826524.0,-0.05%,742840.0,900721.0,-17.53%,24928211.0,24928211.0,0.00%,3142283.0,2997594.0,+4.83%,0.026,0.0265
HIDCLP,Hydorelectricity Investment and Development Company Limited Promoter,Organized Fund,189.20,6.24 Ar,-0.11%,-0.26%,+3.50%,-7.16%,-8.81%,+107.77%,2.93,87.5,2.27,,,,,,,,,,,,,,,,,,,,,,,,,,,,,
HIMSTAR,,,690.00,2.57 Ar,-1.61%,-0.95%,+11.85%,-20.94%,+162.17%,+162.17%,-29.72,-23.22,10.13,,,,,,,,,,,,,,,,,,,,,,,,,,,,,
HLBSL,Himalayan Laghubitta Bittiya Sanstha Limited,Microcredit,856.10,2.74 Ar,-2.61%,-0.11%,+1.85%,-1.24%,-6.70%,-21.78%,31.26,27.39,4.61,711423.94,522764.65,+36.09%,442191.02,318694.67,+38.75%,106610.03,81054.16,+31.53%,31.26,31.68,-1.35%,185.53,178.01,+4.23%,6146982.71,5750904.52,+6.89%,5514172.67,5143754.31,+7.20%,341086.04,341086.04,0.00%,291724.0,266064.18,+9.64%,0.1685,8.7138
HLI,Himalayan Life Insurance Limited,Life Insurance,320.80,29.33 Ar,+0.28%,0.00%,+0.91%,-5.88%,-21.17%,-2.43%,3.81,84.14,2.89,17345836.39,11421491.06,+51.87%,1567517.52,1065794.87,+47.07%,261444.38,206737.35,+26.46%,3.81,4.52,-15.69%,100.45,106.91,-6.05%,99735832.7,97320570.49,+2.48%,90551525.26,87545165.17,+3.43%,9143237.31,9143237.31,0.00%,996313.88,947624.63,+5.14%,0.0379,9.8594
HLICF,HLI Large Cap Fund,Mutual Fund,8.60,4.30 Ar,+2.26%,-1.06%,-3.89%,-7.79%,-13.30%,-13.30%,,,,,,,,,,,,,,,,,,,,,,,,,,,,,,,,
HPPL,Himalayan Power Partner Ltd.,Hydro Power,383.50,4.09 Ar,+0.79%,-1.93%,+9.18%,+1.82%,+1.53%,-23.90%,12.57,30.51,2.94,768416.37,548403.76,+40.12%,711227.28,508768.64,+39.79%,200874.55,125959.38,+59.48%,12.57,15.76,-20.26%,130.56,127.79,+2.16%,5460023.51,5418238.51,+0.77%,3373553.7,4056703.02,-16.84%,1598125.5,1065417.0,+50.00%,488344.32,296118.49,+64.92%,0.0963,1.6169
HRL,Himalayan Reinsurance Limited,ReInsurance,579.00,62.93 Ar,-0.69%,-0.17%,+4.86%,-13.90%,-41.50%,+86.41%,-0.54,-1064.14,3.86,,,,,,,,,,,,,,,,,,,,,,,,,,,,,
HURJA,Himalaya Urja Bikas Company Limited,Hydro Power,244.40,4.84 Ar,-0.57%,+2.80%,+10.67%,-3.11%,+2.49%,-25.06%,7.57,32.28,2.49,486464.91,345875.66,+40.65%,476735.61,338958.15,+40.65%,149917.97,59216.34,+153.17%,7.57,3.99,+89.88%,98.13,93.55,+4.90%,3591062.53,3555590.65,+1.00%,1648083.92,1703355.76,-3.24%,1980000.0,1980000.0,0.00%,-37021.39,-127765.11,-71.02%,0.0771,0.8482
ICFC,ICFC Finance,Finance,600.00,7.10 Ar,-0.50%,-0.33%,+2.55%,-2.77%,-7.14%,-27.37%,22.33,26.87,3.17,1803299.71,1329971.16,+35.59%,645421.02,453174.54,+42.42%,264224.94,103122.02,+156.23%,22.33,11.62,+92.17%,189.32,176.61,+7.20%,26187515.89,25686075.2,+1.95%,23946937.25,23595892.65,+1.49%,1183470.96,1183470.96,0.00%,1057107.68,906711.59,+16.59%,0.1179,10.6878
ICFCD83,12% ICFC Finance Limited Debenture 2083,Bond,"1,032.00",0.00,-1.62%,0.00%,-4.64%,-4.64%,-19.99%,-9.18%,,,,,,,,,,,,,,,,,,,,,,,,,,,,,,,,
ICFCD89,,,"1,092.00",0.00,0.00%,+0.18%,-1.80%,+0.74%,-0.73%,-0.73%,,,,,,,,,,,,,,,,,,,,,,,,,,,,,,,,
IGI,IGI Prudential insurance Limited,Non Life Insurance,429.00,13.00 Ar,-0.23%,+0.23%,+3.07%,+1.18%,-18.46%,-46.54%,0.13,3217.99,1.19,2244482.47,1557453.46,+44.11%,664422.39,426146.07,+55.91%,4038.49,438.07,+821.89%,0.13,0.02,+590.67%,179.53,182.72,-1.74%,14420181.43,14638531.88,-1.49%,8981571.53,9103446.33,-1.34%,3029334.64,3029334.64,0.00%,18440.54,5984.49,+208.14%,0.0007,1.6514
IHL,,,343.00,2.06 Ar,-0.41%,-1.03%,+2.04%,-11.81%,-38.68%,+7.32%,-5.24,-65.5,3.79,,,,,,,,,,,,,,,,2359184.24,2418459.42,-2.45%,1816000.75,1832104.8,-0.88%,600000.0,600000.0,0.00%,-56816.51,-13645.37,+316.38%,,3.3433
ILBS,Infinity Laghubitta Bittiya Sanstha Limited,Microcredit,894.00,4.45 Ar,+0.11%,+1.59%,+5.87%,-4.49%,-27.18%,-29.76%,36.66,24.38,5.53,806029.62,542769.88,+48.50%,479173.54,289689.2,+65.41%,182365.1,75782.07,+140.64%,36.66,20.31,+80.48%,161.73,140.07,+15.46%,6079442.13,6151216.42,-1.17%,5274952.53,5454476.88,-3.29%,497415.94,497415.94,0.00%,307073.66,199323.6,+54.06%,0.2267,6.5569
ILI,IME Life Insurance Company Limited,Life Insurance,417.00,20.85 Ar,+0.24%,+1.17%,+1.71%,-4.59%,-5.41%,-4.71%,9.81,42.5,3.78,6125743.59,3972004.0,+54.22%,1062367.32,722255.78,+47.09%,367916.11,270658.53,+35.93%,9.81,10.83,-9.38%,131.49,129.16,+1.80%,24693621.16,23038519.59,+7.18%,18119144.67,16580446.48,+9.28%,5000000.0,5000000.0,0.00%,520844.72,434287.36,+19.93%,0.0746,2.756
JBBL,Jyoti Bikas Bank,Development Bank,338.00,14.86 Ar,-0.03%,-1.43%,+1.53%,-5.53%,-2.43%,-28.69%,22.88,14.77,1.98,5135795.93,3691061.25,+39.14%,2341970.48,1596533.95,+46.69%,1005952.99,629462.4,+59.81%,22.88,19.09,+19.86%,170.97,163.43,+4.61%,77911050.85,76397742.92,+1.98%,70395496.92,69213654.84,+1.71%,4395785.89,4395785.89,0.00%,3119768.05,2788302.2,+11.89%,0.1338,9.3666
JBLB,Jeevan Bikas Laghubitta Bittya Sanstha Ltd,Microcredit,"1,263.40",19.41 Ar,+0.27%,0.00%,+2.77%,-3.08%,-0.92%,+36.30%,61.8,20.44,4.51,4225066.13,3104575.83,+36.09%,2350833.1,1690345.93,+39.07%,1082224.43,626927.76,+72.62%,61.8,47.73,+29.47%,279.95,255.24,+9.68%,34295921.47,32699882.65,+4.88%,29393356.04,28230019.86,+4.12%,1751235.56,1751235.56,0.00%,3151329.87,2718627.23,+15.92%,0.2208,5.9955
JFL,Janaki Finance,Finance,380.30,2.63 Ar,-1.71%,-1.05%,+1.55%,-4.94%,-20.03%,-31.47%,1.35,281.02,-426.72,355584.06,212806.84,+67.09%,171512.26,70067.5,+144.78%,9343.98,-29089.56,-132.12%,1.35,-5.62,-124.09%,-0.89,-6.46,-86.20%,4436704.63,4598228.68,-3.51%,4442858.24,4642815.83,-4.31%,690472.8,690472.8,0.00%,-696626.41,-735059.94,-5.23%,-1.5169,-721.9922
JHAPA,Jhapa Energy Limited,Hydro Power,"1,084.90",4.12 Ar,-0.72%,-0.47%,+5.17%,-30.39%,+251.16%,+251.16%,3.86,281.41,10.64,104712.11,81683.38,+28.19%,91743.75,72416.68,+26.69%,14657.2,16062.42,-8.75%,3.86,5.63,-31.56%,101.94,102.36,-0.41%,838066.25,845455.62,-0.87%,450487.23,456296.38,-1.27%,380190.0,380190.0,0.00%,7389.02,8969.24,-17.62%,0.0379,1.1623
JOSHI,Joshi Hydropower Development Company Ltd,Hydro Power,280.00,1.72 Ar,-1.72%,+0.32%,+13.91%,+1.03%,-11.21%,+0.02%,-7.17,-39.07,4.12,4866.79,4866.79,0.00%,2306.39,3418.89,-32.54%,-21958.56,-12611.3,+74.12%,-7.17,-13.58,-47.24%,67.88,101.42,-33.07%,450232.49,461699.07,-2.48%,34246.01,85028.17,-59.72%,612810.0,371400.0,+65.00%,-196823.52,5270.9,"-3,834.15%",-0.1056,0.0823
JSLBB,Janautthan Samudayic Laghubitta Bikas Bank,Microcredit,969.00,1.65 Ar,+0.94%,-3.03%,-5.42%,-12.73%,-28.94%,-61.62%,8.09,119.8,5.67,195483.95,132820.64,+47.18%,97081.63,64786.24,+49.85%,10318.53,10032.59,+2.85%,8.09,11.8,-31.43%,170.91,170.87,+0.03%,2302740.86,2326826.83,-1.04%,2012029.92,2036193.57,-1.19%,170091.9,170091.9,0.00%,120619.04,120541.36,+0.06%,0.0473,6.9211
KAHL,Kalanga Hydro Limited,Hydro Power,536.00,7.50 Ar,-0.56%,-2.80%,+10.91%,+58.67%,+58.67%,+58.67%,3.75,143.06,5.26,512008.32,409811.93,+24.94%,454801.39,388566.83,+17.05%,52451.82,76442.89,-31.38%,3.75,11.2,-66.55%,101.85,107.33,-5.10%,4282993.22,4300337.9,-0.40%,2857031.45,3323629.79,-14.04%,1400000.0,910000.0,+53.85%,25961.77,66708.11,-61.08%,0.0368,2.0036
KBL,Kumari Bank,Commercial Banks,216.80,56.86 Ar,-0.55%,+0.93%,+4.81%,-0.68%,+5.86%,-36.81%,28.17,7.7,1.27,28459535.79,21578301.42,+31.89%,12013083.6,9302222.93,+29.14%,7387197.91,4178048.41,+76.81%,28.17,21.24,+32.61%,170.8,158.53,+7.74%,490334711.2,474306833.5,+3.38%,445540640.1,432732037.6,+2.96%,26225861.34,26225861.34,0.00%,18568209.82,15348934.58,+20.97%,0.1649,9.9464
KBSH,Kutheli Bukhari Small Hydropower Limited,Hydro Power,944.90,1.27 Ar,-1.35%,-1.26%,-24.10%,-39.18%,-46.42%,+120.06%,7.46,126.67,7.26,33104.64,26918.13,+22.98%,30850.8,24939.99,+23.70%,10999.53,10986.97,+0.11%,7.46,9.93,-24.91%,130.21,130.2,+0.01%,208824.29,212479.92,-1.72%,16817.24,20485.43,-17.91%,147459.68,147459.68,0.00%,44547.38,44534.82,+0.03%,0.0573,0.0876
KDBY,Kumari Dhanabriddhi Yojana,Mutual Fund,11.10,1.36 Ar,+0.91%,-0.99%,+2.80%,-4.35%,+17.67%,+57.17%,,,,,,,,,,,,,,,,,,,,,,,,,,,,,,,,
KDL,Kalinchowk Darshan Limited,Hotels,770.10,4.62 Ar,-0.63%,-0.64%,+2.65%,-5.26%,-24.67%,+482.67%,9.16,84.11,7.05,125872.39,102469.63,+22.84%,82290.29,68539.51,+20.06%,57684.46,49690.53,+16.09%,9.16,10.52,-12.93%,109.21,107.94,+1.18%,771970.06,826641.61,-6.61%,83957.29,146622.78,-42.74%,630000.0,630000.0,0.00%,58012.77,50018.83,+15.98%,0.0839,0.122
KEF,Kumari Equity Fund,Mutual Fund,10.90,1.09 Ar,-0.64%,+4.48%,+2.91%,+1.20%,+21.87%,+44.24%,,,,,,,,,,,,,,,,,,,,,,,,,,,,,,,,
KHPL,Kalinchock Hydropower Limited,Hydro Power,810.00,4.46 Ar,+0.25%,-1.22%,-8.70%,+146.57%,+146.57%,+146.57%,1.1,734.74,7.62,0.0,0.0,0.00%,0.0,0.0,0.00%,6063.36,6063.36,0.00%,1.1,1.95,-43.52%,106.31,106.91,-0.57%,1373925.18,1207169.99,+13.81%,789237.0,764395.18,+3.25%,550000.0,414150.0,+32.80%,34688.18,28624.81,+21.18%,0.0103,1.3498
KKHC,Khanikhola Hydropower Co. Ltd.,Hydro Power,352.30,3.28 Ar,+10.09%,0.00%,+30.61%,+20.80%,+20.36%,+23.55%,-3.01,-117.14,4.06,101374.22,86572.44,+17.10%,101374.22,86572.44,+17.10%,-28013.59,-14555.21,+92.46%,-3.01,-2.08,+44.35%,86.85,88.57,-1.94%,1462386.0,1485931.46,-1.58%,653395.76,660941.13,-1.14%,931428.6,931428.6,0.00%,-122438.36,-106438.27,+15.03%,-0.0347,0.8077
KMCDB,Kalika Laghubitta Bittiya Sanstha,Microcredit,785.00,3.20 Ar,+0.64%,+2.60%,+1.83%,-11.84%,-23.98%,-16.04%,27.4,28.65,4.39,743476.03,535894.15,+38.74%,470918.78,332339.51,+41.70%,122883.81,14714.35,+735.13%,27.4,4.37,+526.34%,178.73,154.96,+15.34%,5785271.89,5533349.37,+4.55%,4983729.23,4838433.06,+3.00%,448461.54,448461.54,0.00%,353081.13,246454.77,+43.26%,0.1533,6.2177
KPCL,Kalika Power Company,Hydro Power,463.20,4.33 Ar,-0.60%,-0.45%,+1.75%,-4.70%,-15.23%,-1.38%,12.77,36.26,3.75,157485.67,121141.16,+30.00%,137181.44,106419.94,+28.91%,89475.51,75060.36,+19.20%,12.77,15.02,-14.97%,123.52,113.65,+8.68%,1326155.57,1191877.45,+11.27%,131333.6,56131.06,+133.98%,933949.5,999325.97,-6.54%,219652.92,136420.43,+61.01%,0.1034,0.1099
KSBBL,Kamana Sewa Bikas Bank Limited,Development Bank,479.40,16.83 Ar,+0.08%,+1.48%,+2.35%,-0.62%,+2.27%,+2.05%,23.15,20.71,2.66,5192758.29,3911201.19,+32.77%,2410802.81,1818349.36,+32.58%,894178.13,588698.72,+51.89%,23.15,20.32,+13.92%,180.07,172.63,+4.31%,75636414.33,73955199.84,+2.27%,68682063.07,67288347.11,+2.07%,4211930.82,4211930.82,0.00%,2742420.45,2454921.92,+11.71%,0.1286,9.8761
KSY,,,9.11,67.85 Cr,-2.04%,-2.11%,-2.11%,-4.62%,+6.82%,+1.58%,,,,,,,,,,,,,,,,,,,,,,,,,,,,,,,,
LBBL,Lumbini Bikas Bank Ltd.,Development Bank,483.50,17.52 Ar,-0.72%,-0.81%,+3.57%,+0.50%,-13.05%,-2.60%,23.48,20.59,2.26,4598990.83,3460306.88,+32.91%,1997221.86,1451716.6,+37.58%,851015.56,561683.38,+51.51%,23.48,20.67,+13.63%,213.73,205.4,+4.05%,67937610.51,66092768.66,+2.79%,60192852.8,58649696.71,+2.63%,3623678.16,3623678.16,0.00%,4121079.55,3819393.79,+7.90%,0.1099,7.7721
LEC,,,230.70,5.19 Ar,+2.76%,+0.22%,+10.43%,+0.67%,-3.49%,-36.46%,1.12,205.65,3.28,174518.23,158576.96,+10.05%,153905.99,140239.85,+9.74%,25240.95,10088.94,+150.18%,1.12,0.6,+87.64%,70.39,69.77,+0.89%,5958946.97,5964946.52,-0.10%,4375072.77,4395102.65,-0.46%,2250000.0,2250000.0,0.00%,-666125.8,-680156.13,-2.06%,0.0159,2.7623
LICN,Life Insurance Nepal,Life Insurance,778.00,42.79 Ar,+0.32%,-0.06%,+1.37%,-4.50%,-8.65%,-21.65%,7.38,105.45,5.25,33469910.21,24317459.43,+37.64%,3925372.3,2779212.69,+41.24%,405777.01,320467.34,+26.62%,7.38,7.77,-5.03%,177.87,176.47,+0.79%,159304850.6,155281347.3,+2.59%,149522100.5,145575299.6,+2.71%,5500000.0,5500000.0,0.00%,2656118.65,2579600.88,+2.97%,0.0415,15.2843
LLBS,Laxmi Laghubitta Bittiya Sanstha,Microcredit,889.90,3.93 Ar,+0.55%,-1.10%,-3.80%,-7.81%,-17.68%,-48.65%,24.2,36.77,4.36,867327.83,622229.43,+39.39%,506568.85,352388.42,+43.75%,106886.76,57265.34,+86.65%,24.2,17.29,+39.99%,204.16,192.91,+5.83%,7366455.08,6638390.03,+10.97%,6464754.16,5786399.43,+11.72%,441662.1,441662.1,0.00%,460038.82,410328.5,+12.11%,0.1185,7.1695
LSH12,,,9.38,1.41 Ar,+3.99%,-3.42%,-3.42%,-3.42%,-3.42%,-3.42%,,,,,,,,,,,,,,,,,,,,,,,,,,,,,,,,
LSL,Laxmi Sunrise Bank Limited,Commercial Banks,219.00,53.32 Ar,-0.73%,-0.99%,+2.56%,+2.04%,+6.01%,-26.58%,10.15,21.58,1.25,18911243.0,12820129.0,+47.51%,7876279.0,5249036.0,+50.05%,2038184.0,-273616.0,-844.91%,10.15,-2.04,-596.62%,175.08,166.23,+5.32%,490645638.0,462317627.0,+6.13%,443758505.0,417798228.0,+6.21%,26781163.0,26781163.0,0.00%,20105969.0,17738235.0,+13.35%,0.058,9.4644
LUK,Laxmi Unnati Kosh,Mutual Fund,9.80,63.96 Cr,+0.72%,-8.98%,-2.70%,-4.51%,-3.17%,+26.39%,,,,,,,,,,,,,,,,,,,,,,,,,,,,,,,,
LVF2,Laxmi Value Fund 2,Mutual Fund,9.13,73.04 Cr,+0.22%,-2.04%,-6.76%,-5.30%,-4.91%,+8.61%,,,,,,,,,,,,,,,,,,,,,,,,,,,,,,,,
MABEL,Mabilung Energy Limited,Hydro Power,604.90,2.33 Ar,+2.42%,-0.84%,+5.09%,-9.69%,+69.03%,+69.03%,-2.92,-207.21,5.98,57587.35,40828.41,+41.05%,49153.94,33180.07,+48.14%,-8447.32,4504.13,-287.55%,-2.92,2.33,-225.03%,101.19,103.31,-2.05%,1238974.2,1257038.55,-1.44%,848539.66,858429.98,-1.15%,385824.0,385824.0,0.00%,4610.54,12784.57,-63.94%,-0.0289,2.1733
MAKAR,Makar Jitumaya Suri Hydropower Limited,Hydro Power,420.00,3.19 Ar,+2.19%,-5.52%,-10.07%,-15.36%,-34.03%,+61.18%,10.3,40.8,3.66,392099.57,323952.01,+21.04%,365370.96,313686.3,+16.48%,78243.93,87117.47,-10.19%,10.3,15.28,-32.64%,114.62,115.79,-1.01%,2671316.09,2719034.23,-1.75%,1800215.25,1839059.84,-2.11%,760000.0,760000.0,0.00%,111100.84,119974.39,-7.40%,0.0899,2.0666
MANDU,Mandu Hydropower Limited,Hydro Power,833.90,11.37 Ar,+2.71%,+0.73%,+3.16%,+0.23%,-8.46%,+104.62%,23.36,35.7,5.12,794934.7,575660.81,+38.09%,733506.24,542904.07,+35.11%,318551.2,248265.54,+28.31%,23.36,24.27,-3.77%,162.88,159.45,+2.15%,5237811.91,5294473.5,-1.07%,3016703.59,3120167.54,-3.32%,1363637.0,1363637.0,0.00%,857471.32,810668.96,+5.77%,0.1434,1.3582
MATRI,Matribhumi Lagubitta Bittiya Sanstha Limited,Microcredit,814.00,5.11 Ar,+1.12%,-0.89%,-0.98%,-11.54%,-31.15%,-39.16%,15.11,53.86,6.15,991472.86,642139.79,+54.40%,415633.6,260090.27,+59.80%,71230.48,35349.42,+101.50%,15.11,11.25,+34.34%,132.3,119.9,+10.34%,12798184.9,12831922.75,-0.26%,11966883.74,12078519.32,-0.92%,628357.34,628357.34,0.00%,202943.83,125046.09,+62.30%,0.1142,14.3954
MBJC,,,265.10,15.91 Ar,-0.71%,-0.15%,-1.11%,-5.32%,-14.58%,+142.73%,1.71,155.45,2.8,,,,,,,,,,,,,,,,,,,,,,,,,,,,,
MBL,Machhapuchhre Bank,Commercial Banks,249.00,28.94 Ar,-2.28%,+0.71%,+4.51%,+2.12%,+7.30%,-21.08%,14.01,17.77,1.6,10134678.6,6852493.25,+47.90%,4398350.26,2941016.74,+49.55%,1658659.81,1011173.46,+64.03%,18.3,16.73,+9.36%,168.05,161.63,+3.97%,249301924.8,238205661.3,+4.66%,225990940.7,218670362.3,+3.35%,15086211.56,12086211.56,+24.82%,8224772.52,7449087.45,+10.41%,0.0834,9.6946
MBLEF,MBL Equity Fund,Mutual Fund,10.38,1.26 Ar,-1.24%,+2.24%,+6.05%,+3.14%,+17.30%,+15.49%,,,,,,,,,,,,,,,,,,,,,,,,,,,,,,,,
MCHL,Menchhiyam Hydropower Limited,Hydro Power,280.00,1.52 Ar,0.00%,-0.04%,+1.82%,-11.11%,-46.76%,+9.72%,-1.03,-271.65,-10.94,133051.09,103750.05,+28.24%,130163.56,101349.98,+28.43%,-5592.56,3770.52,-248.32%,-1.03,0.93,-211.24%,-25.6,-23.87,+7.23%,1331662.84,1360716.27,-2.14%,1470547.62,1490237.97,-1.32%,542583.3,542583.3,0.00%,-681468.08,-672105.0,+1.39%,0.0402,-10.5883
MDB,Miteri Development Bank,Development Bank,579.00,7.05 Ar,-0.81%,+0.99%,+1.96%,-1.90%,-5.52%,+23.87%,11.6,49.9,4.04,674168.89,493752.13,+36.54%,307429.52,221577.27,+38.75%,141215.83,96218.8,+46.77%,11.6,10.54,+10.07%,143.2,139.36,+2.75%,10725647.49,10381607.5,+3.31%,8982818.87,8685441.07,+3.42%,1217100.0,1217100.0,0.00%,525728.62,479066.43,+9.74%,0.081,5.1542
MEHL,Manakamana Engineering Hydropower Limited,Hydro Power,279.00,2.23 Ar,-3.36%,-2.79%,-3.77%,-24.60%,-35.31%,+28.31%,1.73,160.85,4.31,145562.11,105612.3,+37.83%,120429.64,88925.38,+35.43%,13876.19,7403.65,+87.42%,1.73,1.23,+40.57%,64.67,63.61,+1.66%,1274413.33,1267844.26,+0.52%,757086.59,758965.79,-0.25%,800000.0,800000.0,0.00%,-282673.26,-291121.54,-2.90%,0.0268,1.4635
MEL,Modi Energy Limited,Hydro Power,211.50,6.13 Ar,-0.24%,-1.21%,+0.95%,-6.40%,-29.95%,-12.76%,-2.77,-76.38,3.63,469204.0,347219.0,+35.13%,409008.0,303072.0,+34.95%,-80299.0,-67668.0,+18.67%,-2.77,-3.11,-11.00%,58.19,58.62,-0.74%,5299516.0,5362154.0,-1.17%,3612101.0,3662108.0,-1.37%,2900000.0,2900000.0,0.00%,-1212584.0,-1199953.0,+1.05%,-0.0476,2.1406
MEN,,,615.00,16.01 Ar,+0.02%,+2.47%,+11.24%,+2.48%,+18.41%,-26.50%,25.52,24.1,4.08,1533543.69,1079737.87,+42.03%,1309983.84,915858.37,+43.03%,797043.76,527633.11,+51.06%,25.52,22.52,+13.30%,150.78,142.24,+6.00%,7517540.45,7341283.78,+2.40%,2878046.66,2975675.88,-3.28%,3123258.85,3123258.85,0.00%,1585941.17,1319224.63,+20.22%,0.1693,0.6203
MEPDL,Mount Everest Power Development Limited,Hydro Power,456.20,3.92 Ar,+15.00%,+14.99%,+14.99%,+14.99%,+14.99%,+14.99%,,,,,,,,,,,,,,,,,,,,,,,,,,,,,,,,
MERO,,,665.00,9.44 Ar,+0.45%,-0.60%,-1.63%,-7.41%,-17.07%,-40.25%,13.33,49.9,4.38,,,,,,,,,,,,,,,,,,,,,,,,,,,,,
MFIL,,,757.00,10.23 Ar,-1.27%,-2.33%,-0.40%,-4.52%,+14.35%,-10.50%,21.6,35.05,4.15,,,,,,,,,,,,,,,,,,,,,,,,,,,,,
MHCL,Molung Hydropower Company Limited,Hydro Power,311.00,2.50 Ar,-1.43%,+1.09%,+3.44%,-10.75%,-29.38%,+103.42%,7.19,43.25,3.56,176528.31,148618.05,+18.78%,160659.96,138284.74,+16.18%,57710.06,62615.13,-7.83%,7.19,10.4,-30.88%,87.28,87.89,-0.70%,1137402.64,1136803.34,+0.05%,436990.73,431486.37,+1.28%,802500.0,802500.0,0.00%,-102088.1,-97183.03,+5.05%,0.0824,0.6239
MHL,Mandakini Hydropower Limited,Hydro Power,465.00,3.01 Ar,-1.06%,+0.32%,+0.43%,-5.13%,-16.20%,+101.00%,8.76,53.08,4.01,121708.66,93685.3,+29.91%,108770.7,83443.7,+30.35%,56658.89,41086.51,+37.90%,8.76,8.47,+3.43%,115.85,113.44,+2.12%,1150075.96,1034956.76,+11.12%,400814.08,301267.26,+33.04%,646767.0,646767.0,0.00%,102494.8,86922.42,+17.92%,0.0756,0.5349
MHNL,Mountain Hydro Nepal Limited,Hydro Power,244.90,3.06 Ar,+0.37%,+1.71%,+6.55%,-9.19%,-8.59%,-62.17%,8.19,29.92,6.67,288943.13,195542.31,+47.77%,151625.54,103732.12,+46.17%,76743.93,7140.1,+974.83%,8.19,1.14,+616.55%,36.73,31.16,+17.87%,3527608.57,3403374.74,+3.65%,3068516.28,3013886.27,+1.81%,1250000.0,1250000.0,0.00%,-790907.71,-860511.53,-8.09%,0.223,6.6839
MKCL,Muktinath Krishi Company Limited,Trading,"1,048.00",7.34 Ar,-0.38%,-0.94%,-2.05%,-18.45%,-31.26%,+478.06%,-3.49,-300.67,10.1,,,,,,,,,,,,,,,,,,,,,,,,,,,,,
MKHC,Maya Khola Hydropower Company Limited,Hydro Power,268.50,2.69 Ar,-0.92%,-5.18%,-5.24%,-15.29%,-41.23%,-7.19%,1.58,169.4,4.35,379439.0,296962.0,+27.77%,379439.0,296962.0,+27.77%,15850.0,29251.0,-45.81%,1.59,3.9,-59.36%,61.77,63.15,-2.18%,3110508.0,3123067.0,-0.40%,2492789.0,2491551.0,+0.05%,1000000.0,1000000.0,0.00%,-382281.0,-368485.0,+3.74%,0.0256,4.0355
MKHL,Mai Khola Hydropower Limited,Hydro Power,500.10,1.96 Ar,+0.02%,+0.95%,+7.53%,-4.76%,-39.81%,+65.84%,13.83,36.16,4.37,37631.9,24914.25,+51.05%,-77307.33,21246.34,-463.86%,54236.54,11538.45,+370.05%,13.83,3.92,+252.54%,114.34,103.9,+10.04%,990144.06,751235.22,+31.80%,541762.47,343765.83,+57.60%,392156.8,392156.8,0.00%,56224.79,15312.59,+267.18%,0.121,1.2083
MKJC,Mailung Khola Jal Vidhyut Company Limited,Hydro Power,449.00,1.69 Ar,-0.22%,-1.53%,+0.67%,-7.79%,-20.42%,+146.71%,0.46,975.19,4.4,97118.71,79260.12,+22.53%,84936.5,71508.21,+18.78%,1732.66,11556.27,-85.01%,0.46,4.09,-88.76%,101.97,104.59,-2.50%,741603.03,771674.59,-3.90%,357851.83,378099.78,-5.36%,376319.8,376319.8,0.00%,7431.4,17255.01,-56.93%,0.0045,0.9325
MLBBL,,,"1,062.00",2.38 Ar,-0.05%,-5.22%,-4.28%,-10.86%,-23.08%,-12.35%,20.07,52.91,6.32,,,,,,,,,,,,,,,,,,,,,,,,,,,,,
MLBL,,,350.00,15.04 Ar,-0.28%,-0.93%,+2.33%,-4.31%,-6.28%,-17.47%,13.96,25.06,2.12,4337979.32,3304003.14,+31.29%,2148750.76,1632402.8,+31.63%,629951.63,459964.15,+36.96%,13.96,13.59,+2.72%,165.42,162.01,+2.11%,65057015.42,62858591.91,+3.50%,57594372.08,55549988.59,+3.68%,4511281.07,4511281.07,0.00%,2951362.28,2797322.25,+5.51%,0.0844,7.7177
MLBS,Manushi Laghubitta Bittiya Sanstha Limited,Microcredit,"1,116.09",1.22 Ar,-1.93%,+1.70%,-1.03%,-10.53%,-30.21%,+186.29%,24.66,45.26,10.83,215845.64,161459.16,+33.68%,105064.81,79853.88,+31.57%,26970.39,13174.85,+104.71%,24.66,16.06,+53.53%,103.1,141.2,-26.99%,1796542.6,1685267.29,+6.60%,1683782.35,1530827.99,+9.99%,109375.0,109375.0,0.00%,3385.24,45064.3,-92.49%,0.2392,14.9324
MLBSL,Mahila Lagubitta Bittiya Sanstha Limited,Microcredit,"1,279.00",2.78 Ar,-2.37%,-18.12%,-21.32%,-27.14%,-42.58%,-42.30%,33.74,37.9,5.25,538363.17,331507.62,+62.40%,284131.29,158678.71,+79.06%,55061.51,35966.27,+53.09%,33.74,33.06,+2.06%,243.39,258.1,-5.70%,5777980.71,5769457.33,+0.15%,5248461.1,5207938.0,+0.78%,217562.5,217562.5,0.00%,311957.1,343956.83,-9.30%,0.1386,9.9117
MMF1,,,8.94,1.12 Ar,-0.67%,+2.86%,-7.12%,-5.26%,+7.28%,+4.40%,,,,,,,,,,,,,,,,,,,,,,,,,,,,,,,,
MMKJL,Mathillo Mailun Khola Jalvidhyut Limited,Hydro Power,444.00,4.44 Ar,-0.45%,-2.62%,-0.67%,-8.77%,-24.14%,+71.80%,11.13,39.9,4.41,431136.03,327496.7,+31.65%,381881.0,290062.01,+31.65%,111282.99,84612.86,+31.52%,11.13,11.28,-1.36%,100.57,97.94,+2.69%,3115892.43,3105351.68,+0.34%,2110177.19,2125970.63,-0.74%,1000000.0,1000000.0,0.00%,5715.24,-20618.95,-127.72%,0.1107,2.0982
MNBBL,Muktinath Bikas Bank,Development Bank,363.20,25.59 Ar,-0.49%,-1.22%,+1.39%,-2.41%,-4.67%,-19.06%,18.98,19.14,2.24,9696562.0,7248453.0,+33.77%,4743849.0,3445804.0,+37.67%,1518362.0,942598.0,+61.08%,18.98,15.71,+20.81%,161.82,155.09,+4.34%,141062321.0,134847588.0,+4.61%,128115904.0,122439593.0,+4.64%,8000389.0,8000389.0,0.00%,4946027.0,4407606.0,+12.22%,0.1173,9.8959
MNMF1,,,9.69,1.21 Ar,+2.00%,-1.04%,-3.06%,-3.26%,+3.15%,+0.53%,,,,,,,,,,,,,,,,,,,,,,,,,,,,,,,,
MPFL,Multipurpose Finance,Finance,633.29,3.86 Ar,+0.12%,+3.52%,+5.43%,+3.86%,+2.41%,+62.28%,8.91,71.1,5.2,263972.65,187559.5,+40.74%,84124.05,53155.81,+58.26%,54347.92,5323.77,+920.85%,8.91,1.16,+665.63%,121.76,119.31,+2.05%,4568216.61,4430762.97,+3.10%,3825262.99,3702751.66,+3.31%,610200.0,610200.0,0.00%,132753.62,117811.31,+12.68%,0.0732,5.1487
MSHL,Mid Solu Hydropower Limited,Hydro Power,594.00,4.45 Ar,-1.33%,-1.15%,+1.01%,-12.93%,-21.40%,+109.97%,14.55,40.84,5.02,283659.87,199973.84,+41.85%,253940.26,178437.4,+42.31%,125192.69,102817.49,+21.76%,14.55,18.32,-20.59%,118.26,133.87,-11.66%,2234618.75,2223039.99,+0.52%,1216760.54,1221133.21,-0.36%,860660.0,748400.0,+15.00%,157198.21,253506.79,-37.99%,0.123,1.1954
MSLB,,,"1,245.00",4.61 Ar,-1.19%,+0.40%,+4.22%,+1.20%,-14.43%,-14.71%,49.88,24.96,5.46,842394.56,615680.73,+36.82%,497435.44,365055.99,+36.26%,193278.21,122811.2,+57.38%,49.88,42.26,+18.03%,227.91,210.37,+8.34%,6662324.39,6463020.49,+3.08%,5779193.03,5647858.28,+2.33%,387494.87,387494.87,0.00%,495636.49,427667.34,+15.89%,0.2189,6.544
NABBC,Narayani Development Bank,Development Bank,811.00,2.13 Ar,+0.53%,-4.31%,+13.09%,-19.25%,-4.36%,+172.99%,-10.25,-79.14,27.52,22877.32,16332.21,+40.07%,-2799.04,-2454.69,+14.03%,-53796.88,-49781.51,+8.07%,-10.25,-12.64,-18.95%,29.47,32.98,-10.63%,773549.27,687581.8,+12.50%,618830.03,514461.29,+20.29%,524993.06,524993.06,0.00%,-370273.82,-351872.55,+5.23%,-0.3478,3.9997
NABIL,Nabil Bank,Commercial Banks,549.90,148.79 Ar,-0.02%,-0.36%,+4.51%,+4.36%,+7.63%,-37.36%,29.22,18.82,2.22,37955399.0,28443665.0,+33.44%,17009288.0,12459400.0,+36.52%,7905796.0,6764648.0,+16.87%,29.22,33.34,-12.35%,247.28,243.3,+1.63%,734731624.0,718429049.0,+2.27%,662825060.0,647598207.0,+2.35%,32056997.0,32056997.0,0.00%,39849568.0,38773846.0,+2.77%,0.1182,9.2179
NABILD2089,7% Nabil Debenture 2089,Bond,"1,070.00",0.00,+0.18%,+2.70%,-6.31%,+0.48%,-0.08%,-0.08%,,,,,,,,,,,,,,,,,,,,,,,,,,,,,,,,
NADEP,Nadep Laghubitta Bittiya Sanstha Ltd.,Microcredit,715.00,3.47 Ar,+0.56%,-2.60%,-1.24%,-6.20%,-19.33%,-8.76%,29.52,24.22,3.72,838681.74,588746.25,+42.45%,487144.06,324713.61,+50.02%,143399.1,65105.98,+120.25%,29.52,17.87,+65.19%,192.29,162.87,+18.06%,7331805.92,7002629.91,+4.70%,6397756.19,6211458.26,+3.00%,485760.0,485760.0,0.00%,448289.73,305411.65,+46.78%,0.1535,6.8495
NBF3,Nabil Balanced Fund-3,Mutual Fund,9.72,1.22 Ar,0.00%,+2.21%,-2.61%,-1.72%,+9.11%,+10.43%,,,,,,,,,,,,,,,,,,,,,,,,,,,,,,,,
NBL,Nepal Bank,Commercial Banks,269.80,39.64 Ar,+0.41%,-0.11%,+2.95%,+1.02%,-5.03%,-39.57%,25.34,10.65,0.99,16197586.1,10377675.52,+56.08%,7313205.86,4442915.48,+64.60%,2792981.92,1304852.93,+114.05%,25.34,17.76,+42.70%,272.79,262.43,+3.95%,450762877.5,423779079.5,+6.37%,410678693.3,385217621.2,+6.61%,14694022.93,14694022.93,0.00%,25390161.22,23867435.39,+6.38%,0.0929,10.2454
NBLD85,Nabil Debenture 2085,Bond,"1,021.70",0.00,-0.32%,0.00%,-5.18%,-2.59%,-0.99%,+20.87%,,,,,,,,,,,,,,,,,,,,,,,,,,,,,,,,
NBLD87,8.5% Nepal Bank Debenture 2087,Bond,"1,080.00",0.00,0.00%,+1.78%,-11.84%,-0.64%,+4.85%,+8.00%,,,,,,,,,,,,,,,,,,,,,,,,,,,,,,,,
NESDO,NESDO Sambridha Laghubitta Bittiye Sanstha Limited,Microcredit,"1,454.00",4.24 Ar,-0.88%,-0.14%,-1.22%,-3.81%,-14.13%,+111.33%,47.03,30.92,5.1,527579.88,385835.33,+36.74%,295381.2,213694.41,+38.23%,137014.11,142216.07,-3.66%,47.03,65.09,-27.74%,285.09,287.49,-0.83%,4123384.82,4193832.81,-1.68%,3292800.55,3356262.3,-1.89%,291337.5,291337.5,0.00%,539246.77,546233.0,-1.28%,0.165,3.9644
NFS,Nepal Finance,Finance,565.00,4.74 Ar,+0.52%,-1.04%,+0.36%,-0.69%,-23.11%,+14.30%,-13.52,-41.8,4.62,247365.06,159895.17,+54.70%,58104.54,31140.72,+86.59%,-78625.21,-87349.4,-9.99%,-13.52,-22.52,-39.99%,122.4,121.25,+0.95%,5639436.09,5361778.04,+5.18%,4690053.83,4421297.27,+6.08%,775646.75,775646.75,0.00%,173735.52,164834.03,+5.40%,-0.1105,4.9401
NGPL,Ngadi Group Power Ltd.,Hydro Power,414.90,15.36 Ar,+0.41%,+0.10%,+3.56%,-6.11%,+6.01%,+54.52%,1.27,327.4,3.0,138054.46,105632.08,+30.69%,118576.55,93204.6,+27.22%,49150.18,40469.24,+21.45%,1.27,1.39,-8.91%,138.35,151.88,-8.91%,6441420.7,7014584.89,-8.17%,1075721.33,1123876.47,-4.28%,3878429.97,3878429.97,0.00%,1487269.4,2012278.44,-26.09%,0.0092,0.2005
NHDL,Nepal Hydro Developers Ltd.,Hydro Power,637.00,2.47 Ar,+2.21%,-2.78%,-0.61%,-4.03%,-3.44%,+19.82%,14.0,45.51,5.1,112907.0,94214.0,+19.84%,96176.0,81907.0,+17.42%,59220.0,53167.0,+11.38%,14.0,16.75,-16.46%,124.92,123.6,+1.06%,616329.0,631302.0,-2.37%,87767.0,108311.0,-18.97%,423134.0,423134.0,0.00%,105427.0,99858.0,+5.58%,0.1121,0.166
NHPC,National Hydro Power,Hydro Power,268.00,6.61 Ar,-1.43%,-1.88%,+9.64%,-4.56%,+29.13%,+5.70%,1.04,257.6,2.76,135537.34,111246.21,+21.84%,83517.33,74786.06,+11.68%,19250.98,25989.25,-25.93%,1.04,2.11,-50.62%,97.14,97.41,-0.28%,3411425.99,3421801.87,-0.30%,1014900.99,1018538.6,-0.36%,2467162.92,2467162.92,0.00%,-70637.92,-63899.65,+10.55%,0.0107,0.4235
NIBD84,8.5% Nepal Investment Bank Debenture 2084,Bond,"1,034.09",0.00,+0.37%,-0.48%,-2.34%,-1.76%,-2.66%,+3.03%,,,,,,,,,,,,,,,,,,,,,,,,,,,,,,,,
NIBLGF,,,8.86,1.17 Ar,+0.57%,-4.76%,-2.11%,-8.23%,+3.45%,+15.27%,,,,,,,,,,,,,,,,,,,,,,,,,,,,,,,,
NIBLSTF,NIBL Stable Fund,Mutual Fund,8.57,96.84 Cr,+0.12%,-2.62%,+1.66%,-5.93%,-3.28%,-4.89%,,,,,,,,,,,,,,,,,,,,,,,,,,,,,,,,
NIBSF2,NIBL Samriddhi Fund -2,Mutual Fund,9.00,1.35 Ar,+1.69%,-1.67%,+4.61%,-6.55%,+3.64%,-11.00%,,,,,,,,,,,,,,,,,,,,,,,,,,,,,,,,
NICA,NIC Asia Bank,Commercial Banks,324.39,48.39 Ar,-0.19%,-0.88%,+0.50%,-8.42%,-12.28%,-58.16%,1.25,258.65,1.88,17487944.03,12033063.16,+45.33%,6308251.64,4363883.87,+44.56%,140324.17,131191.67,+6.96%,1.25,1.76,-28.69%,172.97,198.33,-12.79%,386282218.8,387119586.2,-0.22%,360478716.1,357536379.0,+0.82%,14917566.92,14917566.92,0.00%,10885935.79,14668640.21,-25.79%,0.0072,13.9701
,,,,,,,,,,,,,,,,,,,,,,,,,,,,,,,,,,,,,,,,,,
NICFC,NIC Asia Flexi CAP Fund,Mutual Fund,9.10,92.82 Cr,+0.33%,-0.66%,-0.98%,-3.30%,-2.59%,+9.61%,,,,,,,,,,,,,,,,,,,,,,,,,,,,,,,,
NICGF2,NIC ASIA Growth Fund-2,Mutual Fund,9.50,85.97 Cr,+5.67%,-2.07%,-1.75%,-7.13%,+0.56%,-0.11%,,,,,,,,,,,,,,,,,,,,,,,,,,,,,,,,
NICL,,,500.00,12.74 Ar,-0.79%,+0.80%,+0.20%,+2.34%,-15.10%,-1.92%,5.42,92.33,2.48,,,,,,,,,,,,,,,,,,,,,,,,,,,,,
NICLBSL,NIC ASIA Laghubitta Bittiya Sanstha Limited,Microcredit,554.90,9.65 Ar,+0.89%,+0.18%,+0.92%,-4.35%,-17.77%,-64.86%,8.2,67.71,4.36,1658454.33,1089543.76,+52.22%,854070.94,551047.36,+54.99%,106916.0,18814.56,+468.26%,8.2,2.16,+278.84%,127.35,122.3,+4.12%,23373315.17,22900242.32,+2.07%,21158161.66,20772834.67,+1.85%,1739440.0,1739440.0,0.00%,475713.51,387967.65,+22.62%,0.0644,9.5516
NICSF,NIC Asia Select Fund 30,Mutual Fund,9.00,1.13 Ar,+1.24%,+3.86%,-3.26%,-3.79%,-2.36%,+8.81%,,,,,,,,,,,,,,,,,,,,,,,,,,,,,,,,
NIFRA,Nepal Infrastructure Bank Limited,Development Bank,248.10,53.59 Ar,-1.55%,+2.44%,+3.28%,-4.55%,-8.33%,-38.05%,4.57,54.27,2.12,2424011.0,1806987.0,+34.15%,1446678.0,1081269.0,+33.79%,987396.0,643310.0,+53.49%,4.57,3.97,+15.12%,117.22,115.84,+1.19%,41847044.0,41222146.0,+1.52%,16528308.0,16201643.0,+2.02%,21600000.0,21600000.0,0.00%,3718738.0,3420503.0,+8.72%,0.039,0.6528
NIL,Neco Insurance,Non Life Insurance,609.00,16.39 Ar,-0.08%,-0.91%,+0.74%,-0.08%,-9.68%,-22.70%,7.89,77.23,2.0,1683448.01,1010385.16,+66.61%,714963.84,314662.84,+127.22%,163956.17,10775.1,"+1,421.62%",7.89,0.8,+884.83%,223.11,233.35,-4.39%,12327679.02,12208852.16,+0.97%,6142517.07,5928231.04,+3.61%,2772278.3,2691532.33,+3.00%,370002.08,587138.04,-36.98%,0.0354,0.9931
NIMB,Nepal Investment Bank,Commercial Banks,193.90,66.18 Ar,-0.77%,-0.26%,+3.88%,-1.86%,-10.54%,-43.20%,12.29,15.77,0.97,23725140.0,16138515.0,+47.01%,9579558.0,6420320.0,+49.21%,3146768.0,1613034.0,+95.08%,12.29,9.45,+30.06%,199.72,194.77,+2.54%,616006748.0,607417874.0,+1.41%,547844806.0,540947224.0,+1.28%,34128595.0,34128595.0,0.00%,34033347.0,32342056.0,+5.23%,0.0615,8.0374
NIMBPO,Nepal Investment Mega Bank Promoter,Commercial Banks,143.90,26.34 Ar,+2.71%,-1.34%,-2.10%,-9.03%,-15.46%,-61.98%,12.29,15.77,0.97,,,,,,,,,,,,,,,,,,,,,,,,,,,,,
NLG,Nlg Insurance,Non Life Insurance,565.00,14.49 Ar,-1.05%,+0.71%,+1.06%,-0.70%,-26.75%,+6.59%,1.13,501.67,2.29,602192.99,1305418.84,-53.87%,320679.9,488135.12,-34.31%,30046.01,34810.19,-13.69%,1.13,1.74,-35.26%,166.37,170.93,-2.67%,9058789.95,9801164.08,-7.57%,4620449.49,5241115.49,-11.84%,2667833.41,2667833.41,0.00%,11700.48,17057.41,-31.41%,0.0068,1.041
NLIC,Nepal Life Insurance,Life Insurance,731.90,66.08 Ar,-0.27%,-1.33%,-0.69%,-3.71%,+0.34%,-45.49%,4.91,149.07,6.75,74457240.27,52366736.68,+42.18%,7087357.8,4747672.76,+49.28%,465450.35,454894.36,+2.32%,4.91,6.4,-23.26%,126.07,126.33,-0.20%,292098602.3,293806885.0,-0.58%,280146657.9,281830926.2,-0.60%,9480201.37,9480201.37,0.00%,799089.55,783333.52,+2.01%,0.0389,23.4394
NLICL,National Life Insurance,Life Insurance,575.00,31.47 Ar,+1.23%,-0.35%,-0.35%,-2.91%,-2.59%,-18.39%,9.76,58.91,5.26,21121104.69,14320104.79,+47.49%,2254307.25,1570068.89,+43.58%,416629.89,286831.35,+45.25%,9.76,10.08,-3.16%,130.39,127.64,+2.16%,113426400.7,110266938.0,+2.87%,105664789.8,103002290.4,+2.58%,5691649.33,5691649.33,0.00%,524930.0,407935.06,+28.68%,0.0749,13.6138
NMB,NMB Bank,Commercial Banks,242.80,44.59 Ar,+0.12%,-0.57%,+2.80%,-0.66%,+2.15%,-36.91%,20.81,11.67,1.34,21041592.0,15984078.0,+31.64%,9426239.0,7378022.0,+27.76%,4013673.0,2687786.0,+49.33%,20.81,18.58,+12.00%,181.8,175.79,+3.42%,397381305.0,375401623.0,+5.85%,359321535.0,338500303.0,+6.15%,22285041.0,22285041.0,0.00%,15774730.0,14616280.0,+7.93%,0.1145,9.441
NMB50,NMB 50,Mutual Fund,10.37,1.30 Ar,-0.38%,-1.79%,-0.76%,-0.86%,+3.31%,+10.29%,,,,,,,,,,,,,,,,,,,,,,,,,,,,,,,,
NMBD2085,10 % NMB DEBENTURE 2085,Bond,"1,136.00",0.00,+0.18%,-1.39%,-1.39%,-2.24%,+0.35%,+10.10%,,,,,,,,,,,,,,,,,,,,,,,,,,,,,,,,
NMBHF2,NMB Hybrid Fund L- II,Mutual Fund,9.65,1.32 Ar,-1.03%,+1.56%,+2.52%,+2.52%,+7.73%,+5.63%,,,,,,,,,,,,,,,,,,,,,,,,,,,,,,,,
NMBMF,NMB Microfinance,Microcredit,609.90,4.40 Ar,+0.81%,-1.58%,+1.68%,-4.87%,-16.74%,-47.84%,20.43,29.85,4.05,1034684.57,725320.69,+42.65%,643488.2,444206.74,+44.86%,147401.96,87013.31,+69.40%,20.43,16.08,+27.05%,150.76,142.44,+5.84%,10059136.26,8800616.07,+14.30%,8971477.44,7772979.23,+15.42%,721449.15,721449.15,0.00%,366209.67,306187.69,+19.60%,0.1355,8.2484
NMFBS,National Microfinance Bittiya Sanstha Ltd.,Microcredit,"1,135.00",15.11 Ar,+2.36%,+0.34%,+0.43%,-0.56%,-4.14%,-30.01%,51.59,22.0,4.37,2537532.0,1698727.0,+49.38%,1364659.0,902242.0,+51.25%,588661.0,366699.0,+60.53%,51.59,48.21,+7.02%,259.51,245.37,+5.76%,31587115.0,30806828.0,+2.53%,27639083.0,27073882.0,+2.09%,1521363.0,1521363.0,0.00%,2426669.0,2211583.0,+9.73%,0.1988,7.0007
NMIC,Nepal Micro Insurance Company Limited,Non Life Insurance,900.00,6.75 Ar,-0.77%,-0.66%,+2.49%,-10.73%,-41.31%,+172.78%,4.54,198.43,6.12,99255.14,64316.5,+54.32%,60736.62,32899.4,+84.61%,25512.39,13546.33,+88.33%,4.54,3.61,+25.55%,100.17,101.65,-1.46%,1292292.92,1072763.59,+20.46%,541034.64,310369.65,+74.32%,750000.0,750000.0,0.00%,-1922.59,2261.87,-185.00%,0.0453,0.7202
NMLBBL,Nerude Mirmire Laghubitta Bittiya Sanstha Limited,Microcredit,512.00,7.16 Ar,-1.54%,+0.78%,-1.52%,-12.01%,-25.37%,-53.00%,16.88,30.34,2.74,2485092.19,1782447.92,+39.42%,1294362.5,898298.57,+44.09%,235901.43,43833.1,+438.18%,16.88,4.18,+303.63%,186.59,180.1,+3.60%,20959402.87,21014686.11,-0.26%,18351273.84,18497283.26,-0.79%,1397764.27,1397764.27,0.00%,1210364.75,1119638.58,+8.10%,0.0905,7.0362
NRIC,Nepal Reinsurance Company Limited,ReInsurance,918.00,123.22 Ar,-0.86%,-1.37%,+0.11%,+2.32%,-39.84%,-21.60%,-58.02,-15.82,8.41,,,,,,,,,,,,,,,,,,,,,,,,,,,,,
NRM,,,302.00,2.92 Ar,-0.33%,NaN%,NaN%,NaN%,NaN%,NaN%,,,,,,,,,,,,,,,,,,,,,,,,,,,,,,,,
NRN,,Organized Fund,"1,390.00",17.85 Ar,-2.10%,+2.36%,+5.48%,+3.26%,-10.43%,+165.10%,-4.32,-321.72,8.21,48628.97,27788.28,+75.00%,41300.97,22072.27,+87.12%,-77689.18,-74072.84,+4.88%,-4.32,-5.49,-21.34%,169.23,172.44,-1.86%,3329929.58,3487139.68,-4.51%,287035.35,386486.58,-25.73%,1798121.2,1798121.2,0.00%,1244773.04,1302531.9,-4.43%,-0.0255,0.0943
NSIF2,NMB Sulav Investment Fund - 2,Mutual Fund,10.67,1.30 Ar,-2.02%,+1.97%,+3.13%,+1.78%,+6.99%,+23.25%,,,,,,,,,,,,,,,,,,,,,,,,,,,,,,,,
NSY,Nepal Life Samriddhi Lagani Yojana,Mutual Fund,9.19,1.84 Ar,-0.22%,+0.11%,-1.07%,-3.05%,-9.26%,-9.26%,,,,,,,,,,,,,,,,,,,,,,,,,,,,,,,,
NTC,Nepal Doorsanchar Company,Telecom,883.00,158.94 Ar,+2.08%,+0.35%,+2.25%,-2.81%,+2.18%,-2.16%,46.47,19.0,1.6,28854894.0,19227266.0,+50.07%,24330301.0,16299173.0,+49.27%,6272997.0,4164508.0,+50.63%,46.47,46.27,+0.42%,550.88,539.51,+2.11%,135328493.0,134987055.0,+0.25%,36169529.0,37875189.0,-4.50%,18000000.0,18000000.0,0.00%,81158964.0,79111867.0,+2.59%,0.0844,0.3648
NUBL,Nirdhan Utthan Bank,Microcredit,602.00,15.72 Ar,+0.13%,-1.92%,+1.86%,-9.73%,-16.99%,-43.65%,7.54,79.88,2.81,2707896.64,1786797.27,+51.55%,1394568.11,913706.75,+52.63%,155021.71,119738.14,+29.47%,7.54,8.73,-13.69%,214.43,213.17,+0.59%,29480039.29,28858960.64,+2.15%,23599035.56,23012275.02,+2.55%,2742683.74,2742683.74,0.00%,3138320.0,3104001.88,+1.11%,0.0352,4.0128
NWCL,Nepal Warehousing Company Limited,Trading,690.00,4.74 Ar,0.00%,-0.99%,-0.72%,-12.10%,-23.21%,+200.52%,-6.92,-99.67,6.96,,,,,,,,,,,,,,,,,,,,,,,,,,,,,
NYADI,Nyadi Hydropower Limited,Hydro Power,365.00,5.47 Ar,-0.27%,-1.67%,+4.72%,-6.39%,-13.35%,+17.87%,2.45,148.9,5.84,652012.0,609770.0,+6.93%,352840.0,388185.0,-9.11%,40446.0,147778.0,-72.63%,2.45,11.94,-79.47%,62.55,69.05,-9.42%,5525604.0,5715321.0,-3.32%,4493537.0,4575923.0,-1.80%,1650000.0,1650000.0,0.00%,-617933.0,-510602.0,+21.02%,0.0392,4.3539
OHL,Oriental Hotels,Hotels,669.00,7.92 Ar,+0.15%,-0.30%,+0.44%,-3.19%,-23.07%,+11.63%,-4.01,-167.01,2.05,1028164.49,740756.76,+38.80%,217795.4,158537.31,+37.38%,-47447.15,-29351.36,+61.65%,-4.01,-3.3,+21.24%,326.64,328.17,-0.47%,6086173.8,6026554.95,+0.99%,2217081.13,2139366.58,+3.63%,1184494.96,1184494.96,0.00%,2684597.71,2702693.41,-0.67%,-0.0123,0.573
OMPL,,,908.00,5.45 Ar,-0.33%,+0.66%,+5.20%,-22.00%,-33.58%,+206.73%,-9.1,-99.73,9.31,140229.71,105122.25,+33.40%,87305.77,60767.72,+43.67%,-40969.93,-38436.77,+6.59%,-9.1,-12.81,-28.94%,97.5,97.93,-0.43%,1530153.41,1529530.37,+0.04%,945127.47,941971.27,+0.34%,600000.0,600000.0,0.00%,-14974.06,-12440.9,+20.36%,-0.0933,1.6155
PBD88,10% Prime Debenture 2088,Bond,"1,170.00",2.04 Ar,-2.50%,0.00%,-5.51%,-4.00%,+8.54%,+22.45%,,,,,,,,,,,,,,,,,,,,,,,,,,,,,,,,
PBLD86,10.25% Prabhu Bank Debenture 2086,Bond,"1,102.00",0.00,-2.56%,-18.23%,-12.26%,-8.79%,-0.92%,+8.23%,,,,,,,,,,,,,,,,,,,,,,,,,,,,,,,,
PCBL,Prime Commercial Bank,Commercial Banks,241.90,46.93 Ar,+0.79%,-0.04%,+3.63%,+0.84%,+3.02%,-37.86%,19.63,12.33,1.38,21618585.43,16298745.7,+32.64%,9212693.62,6841242.73,+34.66%,4112568.8,3089335.32,+33.12%,19.63,19.66,-0.16%,175.8,171.28,+2.64%,336067949.3,325394310.6,+3.28%,299229555.9,289503307.0,+3.36%,20954781.77,20954781.77,0.00%,15883611.59,14936221.84,+6.34%,0.1117,8.1228
PCIL,Palpa Cement Industries Limited,Manufacturing And Processing,639.00,23.96 Ar,-1.83%,+2.50%,+10.32%,-24.75%,+97.24%,+97.24%,1.07,599.17,4.95,4784071.92,3415397.88,+40.07%,791598.34,591154.39,+33.91%,39992.67,57311.54,-30.22%,1.07,2.04,-47.66%,129.15,129.58,-0.33%,10315081.0,10991929.8,-6.16%,5471824.43,6132689.48,-10.78%,3750000.0,3750000.0,0.00%,1093256.57,1109240.32,-1.44%,0.0083,1.1298
PHCL,Peoples Hydropower Company Limited,Hydro Power,302.39,9.68 Ar,-0.53%,+2.18%,+5.01%,-1.20%,-37.71%,+12.59%,0.16,1900.53,3.02,829478.87,571221.57,+45.21%,492799.51,361118.54,+36.46%,3818.73,2540.56,+50.31%,0.16,0.16,+0.21%,100.23,100.19,+0.04%,11474659.39,11531899.3,-0.50%,8267206.38,8325724.45,-0.70%,3200000.0,3200000.0,0.00%,7453.01,6174.85,+20.70%,0.0016,2.5775
PMHPL,Panchakanya Mai Hydropower,Hydro Power,316.00,3.48 Ar,+0.03%,-0.97%,+3.91%,-5.70%,-21.10%,-19.00%,6.07,52.04,3.79,347144.36,291624.73,+19.04%,295875.8,254426.7,+16.29%,66795.76,82255.25,-18.79%,6.07,9.97,-39.10%,83.39,84.8,-1.66%,2484348.93,2515477.79,-1.24%,1567031.27,1582700.63,-0.99%,1100000.0,1100000.0,0.00%,-182682.34,-167222.85,+9.24%,0.0728,1.7083
PMLI,Prabhu Mahalaxmi Life Insurance Limited,Life Insurance,431.10,22.00 Ar,+0.02%,-1.76%,-0.71%,-7.31%,-10.31%,-24.17%,1.88,228.77,3.99,2035875.32,5057929.88,-59.75%,376723.88,727730.7,-48.23%,100019.94,275070.86,-63.64%,1.88,6.91,-72.73%,116.58,115.6,+0.84%,25758666.25,24092278.16,+6.92%,19571029.74,17956413.8,+8.99%,5307793.92,5307793.92,0.00%,428240.52,332145.55,+28.93%,0.0161,3.1629
PPCL,Panchthar Power Company Ltd.,Hydro Power,334.90,3.22 Ar,-0.62%,-0.88%,+4.01%,-10.13%,-1.47%,-33.82%,8.85,37.85,3.39,,,,,,,,,,,,,,,,,,,,,,,,,,,,,
PPL,,,325.00,3.08 Ar,-0.61%,-0.91%,+2.83%,-6.57%,-14.42%,+60.45%,-2.53,-128.21,3.16,,,,23876.0,24558.0,-2.78%,-18040.0,-2222.0,+711.88%,-2.53,-0.47,+441.25%,102.98,104.65,-1.59%,980756.0,994618.0,-1.39%,3589.0,1632.0,+119.91%,948900.0,948900.0,0.00%,28268.0,44086.0,-35.88%,-0.0246,0.0037
PRIN,,,662.00,11.26 Ar,-0.38%,-0.89%,-1.82%,+1.64%,-7.99%,+6.09%,16.58,39.92,2.08,,,,,,,,,,,,,,,,,,,,,,,,,,,,,
PROFL,Progressive Finance,Finance,418.50,3.58 Ar,-0.76%,-0.33%,-0.31%,-4.16%,-17.28%,-10.56%,-3.89,-107.58,5.58,403602.17,269721.13,+49.64%,140944.24,91774.29,+53.58%,-24743.25,-29251.96,-15.41%,-3.89,-6.9,-43.61%,75.05,73.93,+1.52%,8642470.12,8466934.64,+2.07%,8005929.68,7839943.12,+2.12%,848106.0,848106.0,0.00%,-211565.55,-221114.48,-4.32%,-0.0518,12.5773
PRSF,Prabhu Smart Fund,Mutual Fund,12.72,1.27 Ar,-0.78%,-0.54%,+1.75%,-0.62%,+20.51%,+54.01%,,,,,,,,,,,,,,,,,,,,,,,,,,,,,,,,
PRVU,Prabhu Bank,Commercial Banks,187.00,44.02 Ar,-1.58%,-1.20%,+1.06%,-4.52%,-12.80%,-53.12%,-1.02,-182.49,1.33,21976924.0,16819667.0,+30.66%,9265782.0,7181924.0,+29.02%,-241244.0,851523.0,-128.33%,-1.02,4.82,-121.25%,140.92,146.26,-3.65%,412087634.0,401941268.0,+2.52%,378911634.0,367507981.0,+3.10%,23542490.0,23542490.0,0.00%,9633511.0,10890798.0,-11.54%,-0.0072,11.4213
PSF,Prabhu Select Fund,Mutual Fund,12.01,1.50 Ar,+0.08%,+1.69%,+3.45%,+0.17%,+13.17%,+55.79%,,,,,,,,,,,,,,,,,,,,,,,,,,,,,,,,
PURE,,,819.00,6.55 Ar,-0.12%,-0.67%,+13.42%,-13.77%,-4.12%,+157.70%,3.16,258.95,7.9,247616.83,176991.3,+39.90%,233447.73,166658.17,+40.08%,25301.75,11712.93,+116.02%,3.16,1.95,+62.01%,103.64,101.94,+1.67%,2345425.5,2370587.02,-1.06%,1516285.85,1555036.19,-2.49%,800000.0,800000.0,0.00%,29139.65,15550.83,+87.38%,0.0305,1.8287
RADHI,,Hydro Power,724.00,13.31 Ar,+0.56%,+0.70%,+3.85%,-5.26%,-5.79%,+94.24%,23.49,30.83,4.11,109625.7,77755.84,+40.99%,82113.99,59459.1,+38.10%,323942.44,298454.02,+8.54%,23.49,32.46,-27.64%,176.26,171.02,+3.06%,3841886.62,3745580.24,+2.57%,600419.63,600467.31,-0.01%,1838979.32,1838979.32,0.00%,1402487.67,1306133.62,+7.38%,0.1333,0.1852
RAWA,,,428.20,1.20 Ar,+0.21%,+0.33%,+5.25%,-28.65%,-45.26%,+55.84%,12.77,33.54,5.05,,,,,,,,,,,,-20.38%,84.73,83.18,+1.87%,655252.27,664617.83,-1.41%,417996.49,431724.34,-3.18%,280000.0,280000.0,0.00%,-42744.22,-47106.51,-9.26%,0.1507,1.7618
RBBD2088,,,"1,053.00",0.00,0.00%,+5.92%,-1.13%,-2.05%,+6.78%,+7.22%,,,,,,,,,,,,,,,,,,,,,,,,,,,,,,,,
RBBF40,,,9.01,1.13 Ar,-1.96%,+1.66%,+0.44%,-3.36%,-2.55%,-2.55%,,,,,,,,,,,,,,,,,,,,,,,,,,,,,,,,
RBCL,Rastriya Beema,Non Life Insurance,"14,150.00",37.73 Ar,-0.35%,-0.70%,-1.73%,-5.53%,-7.70%,-30.75%,129.18,109.54,5.45,912090.91,739468.46,+23.34%,729925.21,542844.44,+34.46%,344437.91,288953.4,+19.20%,129.18,144.49,-10.60%,6407.05,6524.1,-1.79%,24814700.71,25421466.6,-2.39%,7731005.48,8025657.65,-3.67%,266639.06,266639.06,0.00%,2595584.48,2602479.76,-0.26%,0.0202,0.4525
RBCLPO,Rastriya Beema Promoter,Non Life Insurance,"11,050.00",19.63 Ar,-1.56%,-1.36%,-1.51%,-3.66%,-11.12%,-29.89%,129.18,109.54,2.21,,,,,,,,,,,,,,,,,,,,,,,,,,,,,
RFPL,River Falls Power Limited,Hydro Power,339.20,2.37 Ar,-2.25%,+4.14%,+7.63%,-5.81%,-11.86%,+77.86%,2.71,125.15,2.83,264331.18,201739.78,+31.03%,226908.72,182628.38,+24.25%,37945.5,18656.34,+103.39%,2.71,1.78,+52.54%,119.78,118.41,+1.16%,2839149.67,2848256.67,-0.32%,1162190.38,1190539.43,-2.38%,1400000.0,1400000.0,0.00%,276959.29,257717.23,+7.47%,0.0226,0.693
RHGCL,Rapti Hydro And General Construction Limited,Hydro Power,266.70,3.27 Ar,+0.64%,+1.53%,+4.74%,-10.77%,-14.13%,+25.56%,-2.16,-123.72,2.85,83970.77,75932.67,+10.59%,60663.68,60942.65,-0.46%,-26419.39,263.83,"-10,113.75%",-2.16,0.03,"-7,610.32%",93.56,95.74,-2.28%,1769468.88,1796497.51,-1.50%,617799.38,618076.5,-0.04%,1225587.6,1225587.6,0.00%,-78952.42,-52215.03,+51.21%,-0.0231,0.5364
RHPL,,,255.50,17.48 Ar,-1.35%,+0.97%,+1.53%,-6.50%,-16.35%,-48.31%,-24.16,-10.58,3.65,,,,,,,,,,,,,,,,,,,,,+1.08%,6842100.0,6842100.0,0.00%,-2050234.0,-1892642.0,+8.33%,,
RIDI,Ridi Power Company Limited,Hydro Power,367.90,8.55 Ar,-0.84%,-3.61%,+17.45%,+6.30%,+47.30%,-8.97%,2.02,182.4,3.61,,,,,,,,,,,,,,,,,,,,,,,,,,,,,
RLEL,Ridge Line Energy Limited,Hydro Power,890.00,10.55 Ar,+4.09%,-3.50%,+16.33%,-18.88%,+159.09%,+159.09%,12.24,72.74,6.89,337237.71,236787.9,+42.42%,306273.32,214629.17,+42.70%,144992.24,93909.25,+54.40%,12.24,10.57,+15.80%,129.2,125.06,+3.32%,2667659.51,2675015.71,-0.27%,1136583.15,1193068.27,-4.73%,1185000.0,1185000.0,0.00%,346076.36,296947.43,+16.54%,0.0947,0.7423
RLFL,Reliance Finance,Finance,449.00,5.04 Ar,0.00%,-1.75%,-0.22%,+3.46%,-7.31%,-13.12%,4.51,99.64,3.88,597327.0,369943.0,+61.46%,223334.0,120514.0,+85.32%,37901.0,1723.0,"+2,099.71%",4.51,0.31,"+1,366.38%",115.8,112.03,+3.37%,11504147.0,10903359.0,+5.51%,10205485.0,9647038.0,+5.79%,1121452.0,1121452.0,0.00%,177210.0,134869.0,+31.39%,0.0389,7.8585
RMF1,RBB Mutual Fund 1,Mutual Fund,9.60,1.20 Ar,+0.31%,-1.14%,-2.15%,-2.45%,+10.20%,+16.15%,,,,,,,,,,,,,,,,,,,,,,,,,,,,,,,,
RMF2,RBB Mutual Fund 2,Mutual Fund,10.10,85.46 Cr,0.00%,+2.54%,+4.02%,-0.10%,+10.51%,+25.37%,,,,,,,,,,,,,,,,,,,,,,,,,,,,,,,,
RNLI,Reliable Nepal Life Insurance Limited,Life Insurance,427.00,22.19 Ar,+0.14%,-1.41%,-3.07%,-7.51%,-8.11%,+15.05%,11.21,38.09,3.69,7868951.57,5514498.89,+42.70%,1624143.53,1084193.9,+49.80%,582602.87,470417.33,+23.85%,11.21,12.07,-7.11%,148.49,146.17,+1.59%,26755295.92,24399824.83,+9.65%,19038635.31,16803889.91,+13.30%,5196800.0,5196800.0,0.00%,813439.03,683021.34,+19.09%,0.0755,2.4672
RSDC,RSDC Laghubitta Bittiya Sanstha Ltd.,Microcredit,632.00,6.54 Ar,-2.02%,+1.57%,+2.87%,-3.15%,-6.89%,-9.02%,13.37,47.28,4.82,,,,,,,,,,,,,,,,,,,,,,,,0.00%,321255.07,248923.86,+29.06%,,
RSML,Reliance Spinning Mills Limited,Manufacturing And Processing,"2,556.00",48.56 Ar,+0.39%,+0.18%,-15.94%,-31.65%,+671.55%,+671.55%,21.0,121.71,5.08,10486323.91,7482022.63,+40.15%,1411887.71,970187.08,+45.53%,399029.67,266892.12,+49.51%,21.0,18.73,+12.13%,503.32,497.37,+1.20%,13993458.85,14008628.89,-0.11%,4430361.64,4558562.25,-2.81%,1900000.0,1900000.0,0.00%,7663097.2,7550066.61,+1.50%,0.0417,0.4633
RSY,Reliable Samriddhi Yojana,Mutual Fund,10.50,1.26 Ar,0.00%,+2.44%,+5.00%,+3.55%,+12.90%,+15.77%,,,,,,,,,,,,,,,,,,,,,,,,,,,,,,,,
RSY2,,,9.08,1.14 Ar,-0.33%,+1.00%,+1.00%,+1.00%,+1.00%,+1.00%,,,,,,,,,,,,,,,,,,,,,,,,,,,,,,,,
RURU,Ru Ru Jalbidhyut Pariyojana Limited,Hydro Power,610.60,3.46 Ar,+0.08%,-0.33%,+1.26%,-6.12%,-8.97%,-31.01%,10.4,58.7,4.74,138735.79,118014.62,+17.56%,92156.69,83215.16,+10.75%,64909.12,62031.67,+4.64%,10.4,13.25,-21.52%,128.84,128.34,+0.39%,1038362.87,1057013.69,-1.76%,234361.9,256133.05,-8.50%,624054.42,624054.42,0.00%,179946.55,176826.21,+1.76%,0.0807,0.2915
SABBL,Salapa Bikas Bank Limited,Development Bank,930.00,4.86 Ar,-2.21%,-3.45%,+16.26%,-22.68%,+188.18%,+188.18%,1.46,638.41,8.98,112831.19,67487.99,+67.19%,55749.76,28150.48,+98.04%,-3189.36,-10401.2,-69.34%,-0.81,-3.98,-79.56%,103.75,101.31,+2.41%,2065226.98,2090801.85,-1.22%,1523245.86,1561576.21,-2.45%,522388.0,522388.0,0.00%,19593.12,6837.64,+186.55%,0.0141,2.8105
SADBL,Shangrila Development Bank,Development Bank,413.50,14.71 Ar,0.00%,+1.10%,+3.89%,-0.10%,+0.34%,+10.83%,23.83,17.35,2.44,4774523.36,3401489.13,+40.37%,2420107.94,1617555.56,+49.62%,889937.94,484531.08,+83.67%,23.83,17.3,+37.75%,169.5,158.79,+6.74%,66042519.31,64156981.16,+2.94%,59713434.85,58227665.24,+2.55%,3734068.51,3734068.51,0.00%,2595015.96,2195247.41,+18.21%,0.1406,9.4348
SAEF2,Sanima Equity Fund-2,Mutual Fund,9.13,1.14 Ar,+1.22%,-5.05%,-5.05%,-5.05%,-5.05%,-5.05%,,,,,,,,,,,,,,,,,,,,,,,,,,,,,,,,
SAGAR,Sagar Distillery Limited,Manufacturing And Processing,"1,653.00",12.00 Ar,-2.76%,-2.86%,+10.75%,+1.31%,+383.78%,+383.78%,-7.89,-209.55,13.78,208169.27,98336.28,+111.69%,97482.71,64274.16,+51.67%,-57269.66,-35357.2,+61.97%,-7.89,-6.49,+21.48%,119.96,127.08,-5.60%,1538116.19,1476786.82,+4.15%,667185.06,554211.79,+20.38%,726000.0,726000.0,0.00%,144931.14,196575.03,-26.27%,-0.0658,0.7661
SAGF,Sanima Growth Fund,Mutual Fund,10.00,67.25 Cr,+2.04%,-4.48%,-1.41%,-6.76%,+5.92%,+22.79%,,,,,,,,,,,,,,,,,,,,,,,,,,,,,,,,
SAHAS,Sahas Urja Limited,Hydro Power,677.00,25.59 Ar,+0.30%,+0.45%,+5.98%,+2.46%,+24.36%,+98.35%,29.72,22.78,3.75,2844534.71,2333888.93,+21.88%,2616251.76,2184467.24,+19.77%,1359156.44,1182718.34,+14.92%,29.72,34.48,-13.81%,180.58,176.74,+2.17%,18461051.75,18536828.26,-0.41%,10201471.66,10452948.89,-2.41%,4573800.0,4573800.0,0.00%,3685780.09,3510079.37,+5.01%,0.1646,1.2351
SAIL,Shreenagar Agritech Industries Limited,Manufacturing And Processing,"1,099.00",17.93 Ar,-0.09%,+0.09%,+33.17%,-4.94%,+231.53%,+231.53%,1.09,1005.23,10.15,1835716.95,1360773.0,+34.90%,251275.34,177759.94,+41.36%,17834.22,20058.68,-11.09%,1.09,1.64,-33.32%,108.23,110.9,-2.41%,3055124.97,2993609.2,+2.05%,1289662.14,1184544.48,+8.87%,1631250.0,1631250.0,0.00%,134212.82,177814.71,-24.52%,0.0101,0.7305
SALICO,Sagarmatha Lumbini Insurance Co. Limited,Non Life Insurance,588.00,15.42 Ar,-1.82%,+2.20%,+0.32%,+1.68%,-10.45%,-41.87%,6.77,86.82,1.47,2081389.18,1597118.19,+30.32%,726397.43,420271.38,+72.84%,133213.73,37344.99,+256.71%,6.77,2.85,+137.81%,233.64,227.43,+2.73%,14912080.64,15519963.56,-3.92%,8784550.93,9555184.48,-8.07%,2622638.2,2622638.2,0.00%,188190.97,102948.09,+82.80%,0.029,1.4336
SANIMA,,,370.00,50.25 Ar,-0.48%,-0.51%,+8.08%,+2.57%,+3.24%,+2.74%,22.78,16.24,2.09,,,,,,,,,,,,,,,,,,,,,,,,,,,,,
SANVI,Sanvi Energy Limited,Hydro Power,587.00,5.17 Ar,-1.34%,-0.34%,+4.20%,-12.69%,-16.61%,+50.67%,-8.5,-69.08,5.46,104973.78,104973.78,0.00%,100558.73,100837.63,-0.28%,-56079.94,-44267.67,+26.68%,-8.5,-10.06,-15.54%,107.55,108.9,-1.23%,2745446.33,2657909.53,+3.29%,1798978.12,1699629.04,+5.85%,880000.0,880000.0,0.00%,66468.21,78280.49,-15.09%,-0.079,1.9007
SAPDBL,Saptakoshi Development Bank Ltd,Development Bank,787.80,6.57 Ar,-1.51%,-2.09%,+8.83%,+2.42%,-7.86%,+69.47%,18.04,43.68,9.08,551870.51,388336.17,+42.11%,233425.94,153645.22,+51.93%,150473.89,59024.77,+154.93%,18.04,9.43,+91.20%,86.71,72.9,+18.94%,10113056.75,9498006.83,+6.48%,9389561.2,8889737.72,+5.62%,834338.43,834338.43,0.00%,-110842.88,-226069.32,-50.97%,0.208,12.978
SAPIL,Sarvottam Paints Industries Limited,Manufacturing And Processing,396.70,0.00,+14.99%,0.00%,0.00%,0.00%,0.00%,0.00%,,,,,,,,,,,,,,,,,,,,,,,,,,,,,,,,
SARBTM,Sarbottam Cement Limited,Manufacturing And Processing,794.90,39.55 Ar,-0.35%,+1.88%,+3.33%,-5.60%,-8.21%,+52.17%,21.2,37.5,3.98,10435478.17,7195913.37,+45.02%,2500341.23,1947195.32,+28.41%,1107429.39,905813.24,+22.26%,21.2,23.12,-8.31%,199.82,195.96,+1.97%,16600292.64,16550710.06,+0.30%,6161399.16,6313432.73,-2.41%,5224275.0,5224275.0,0.00%,5214618.48,5013002.33,+4.02%,0.1061,0.5902
SBCF,Sunrise Bluechip Fund,Mutual Fund,9.41,1.18 Ar,+0.21%,-1.16%,-2.19%,-6.47%,-0.11%,+7.22%,,,,,,,,,,,,,,,,,,,,,,,,,,,,,,,,
SBI,Nepal Sbi Bank,Commercial Banks,404.90,44.13 Ar,+0.22%,-0.59%,+3.64%,+2.30%,+4.69%,+22.77%,18.04,22.45,2.08,14481046.05,10811896.3,+33.94%,5334310.56,3869415.72,+37.86%,2044330.74,1461785.73,+39.85%,18.04,17.19,+4.89%,194.73,189.57,+2.72%,248357523.0,254744083.2,-2.51%,226284634.5,233255976.0,-2.99%,11335124.39,11335124.39,0.00%,10737764.07,10152982.77,+5.76%,0.0926,10.2517
SBID83,10.25% Nepal SBI Bank Debenture 2083,Bond,"1,050.00",2.52 Ar,+1.44%,+0.40%,-7.75%,-4.60%,-4.16%,+3.51%,,,,,,,,,,,,,,,,,,,,,,,,,,,,,,,,
SBL,Siddhartha Bank,Commercial Banks,411.00,57.91 Ar,-0.60%,+0.61%,+7.12%,+5.08%,+17.56%,+1.21%,23.79,17.28,1.82,21054091.97,15459263.84,+36.19%,9051188.76,6528874.45,+38.63%,3519409.8,2014855.23,+74.67%,23.79,18.16,+31.01%,225.9,216.73,+4.23%,389732817.3,366484968.2,+6.34%,352812618.4,330921551.1,+6.62%,18294479.2,18294479.2,0.00%,18625719.67,17268937.88,+7.86%,0.1053,9.5561
SBLD2091,,,"1,062.00",0.00,+3.00%,-2.27%,-4.53%,-3.64%,+1.39%,+1.39%,,,,,,,,,,,,,,,,,,,,,,,,,,,,,,,,
SBLD83,,,"1,006.20",0.00,-3.06%,0.00%,-0.67%,-0.67%,-1.80%,-0.19%,,,,,,,,,,,,,,,,,,,,,,,,,,,,,,,,
SCB,Standard Chartered Bank,Commercial Banks,659.90,66.27 Ar,+0.29%,+0.61%,+3.30%,+1.87%,+5.86%,+49.06%,27.64,23.88,3.02,5496601.0,3727076.0,+47.48%,2914742.0,1974216.0,+47.64%,2081621.0,1373324.0,+51.58%,27.64,27.35,+1.05%,218.59,210.97,+3.61%,175457305.0,168355336.0,+4.22%,153505870.0,147169066.0,+4.31%,10042368.0,10042368.0,0.00%,11909065.0,11143901.0,+6.87%,0.1264,6.993
SDBD87,Shangri-la Development Bank Debenture 2087,Bond,"1,167.70",0.00,-5.91%,0.00%,+9.82%,+12.20%,+18.68%,+29.92%,,,,,,,,,,,,,,,,,,,,,,,,,,,,,,,,
SEF2,Siddhartha Equity Fund 2,Mutual Fund,9.32,1.17 Ar,+2.42%,-0.66%,-3.70%,-3.70%,-3.70%,-3.70%,,,,,,,,,,,,,,,,,,,,,,,,,,,,,,,,
SFEF,Sunrise Focused Equity Fund,Mutual Fund,10.10,1.01 Ar,+2.96%,-0.41%,-1.90%,-1.01%,+6.21%,+15.83%,,,,,,,,,,,,,,,,,,,,,,,,,,,,,,,,
SGHC,Swet-Ganga Hydropower & Construction Limited,Hydro Power,299.00,4.76 Ar,-1.64%,-4.55%,-5.59%,-17.30%,-23.54%,+2.74%,11.13,26.86,3.57,847095.44,676602.13,+25.20%,759293.87,616992.99,+23.06%,177349.25,177523.61,-0.10%,11.13,14.86,-25.07%,83.65,83.67,-0.03%,6133171.4,6180067.15,-0.76%,4800697.28,4847136.77,-0.96%,1593000.0,1593000.0,0.00%,-260525.88,-260069.62,+0.18%,0.1331,3.6028
SGHL,Sanigad Hydro Limited,Hydro Power,518.20,14.77 Ar,+0.43%,-1.83%,+11.57%,+49.96%,+49.96%,+49.96%,9.33,55.55,4.63,1110581.05,824320.17,+34.73%,1052289.22,824320.17,+27.66%,265881.02,182122.63,+45.99%,9.33,12.17,-23.36%,111.8,113.71,-1.68%,8490773.1,8436495.55,+0.64%,5309359.1,6167895.29,-13.92%,2850000.0,1995000.0,+42.86%,336414.0,273600.24,+22.96%,0.0835,1.6689
SGIC,Sanima GIC Insurance Limited,Non Life Insurance,453.90,9.76 Ar,-0.68%,+0.15%,+1.08%,-1.08%,-14.84%,-31.69%,5.76,78.8,1.51,1420279.64,904522.81,+57.02%,671663.05,417434.31,+60.90%,130039.88,51364.04,+153.17%,5.76,3.19,+80.83%,147.33,153.04,-3.73%,8801176.78,8886073.29,-0.96%,5475153.7,5595725.55,-2.15%,2257500.0,2150000.0,+5.00%,98755.62,192758.0,-48.77%,0.0391,1.6462
SHEL,Singati Hydro Energy Limited,Hydro Power,306.00,8.87 Ar,-0.23%,-0.07%,+5.76%,-1.64%,+6.81%,-2.12%,6.78,45.13,2.79,702206.15,578684.44,+21.35%,685247.78,566696.5,+20.92%,206462.19,204713.1,+0.85%,6.78,8.96,-24.36%,109.81,109.82,-0.01%,6405186.63,6457411.73,-0.81%,3061443.38,3113247.57,-1.66%,3045000.0,3045000.0,0.00%,298743.25,299164.16,-0.14%,0.0617,0.9156
SHINE,Shine Resunga Development Bank,Development Bank,414.90,20.23 Ar,+0.05%,+1.59%,+4.46%,+1.02%,+2.16%,+13.62%,23.52,17.64,2.6,6009961.83,4472969.44,+34.36%,2826703.2,2060002.35,+37.22%,1181279.44,788404.48,+49.83%,23.52,20.93,+12.37%,159.49,153.05,+4.20%,87704410.23,84576334.32,+3.70%,79695117.7,76889974.44,+3.65%,5021972.73,5021972.73,0.00%,2987319.8,2664387.15,+12.12%,0.1475,9.9503
SHINED,Shine Resunga Debenture,Bond,"1,081.00",0.00,-0.83%,-0.46%,-4.39%,-1.71%,-0.91%,-0.91%,,,,,,,,,,,,,,,,,,,,,,,,,,,,,,,,
SHIVM,Shivam Cements Ltd,Manufacturing And Processing,631.00,34.43 Ar,-0.24%,-1.94%,+2.03%,-6.57%,+4.20%,-46.57%,14.03,44.99,3.34,7055871.09,5080969.48,+38.87%,1730724.8,1269924.17,+36.29%,784474.15,619192.41,+26.69%,14.03,14.76,-4.98%,188.76,185.31,+1.86%,13072154.55,13088712.09,-0.13%,2514588.67,2723805.95,-7.68%,5593228.71,5593228.71,0.00%,4964337.17,4771677.43,+4.04%,0.0743,0.2382
SHL,Soaltee Hotel,Hotels,504.40,51.54 Ar,-0.90%,+2.09%,+4.65%,+2.33%,+5.26%,+151.18%,6.48,77.88,17.68,3148091.7,2249778.82,+39.93%,1101437.08,815168.9,+35.12%,761106.09,550732.62,+38.20%,6.48,6.25,+3.65%,28.52,26.73,+6.70%,3991535.92,3839072.93,+3.97%,639814.09,697724.58,-8.30%,1175152.54,1175152.54,0.00%,2176569.29,1966195.81,+10.70%,0.2272,0.1909
SHLB,Shrijanshil Laghubitta Bittiya Sanstha Limited,Microcredit,"1,428.60",1.56 Ar,+2.78%,-5.88%,-1.40%,-5.83%,-31.44%,+39.47%,30.81,46.37,4.95,374288.31,265103.71,+41.19%,190763.56,126979.92,+50.23%,33700.43,16380.24,+105.74%,30.81,19.97,+54.30%,288.38,272.78,+5.72%,3160498.66,3018316.3,+4.71%,2845081.52,2719964.61,+4.60%,109375.0,109375.0,0.00%,206042.14,188976.69,+9.03%,0.1068,9.0201
SHPC,Sanima Mai Hydropower,Hydro Power,495.10,18.51 Ar,-0.18%,-0.78%,+2.27%,-4.15%,-12.45%,+11.22%,7.85,63.07,3.6,512739.99,311275.48,+64.72%,416136.49,235167.7,+76.95%,293450.42,135481.53,+116.60%,7.85,4.83,+62.45%,137.5,133.39,+3.08%,5454505.27,5418007.9,+0.67%,314794.01,431851.28,-27.11%,3737993.71,3737993.71,0.00%,1401717.55,1248162.9,+12.30%,0.0571,0.0612
SICL,Shikhar Insurance,Non Life Insurance,613.00,17.92 Ar,-0.16%,-0.47%,+0.99%,-0.32%,-13.19%,-47.36%,3.03,202.05,1.63,1945567.22,1230721.21,+58.08%,754082.72,336661.67,+123.99%,70575.61,-44731.68,-257.78%,3.03,-3.06,-199.13%,189.6,196.64,-3.58%,15421870.9,15813473.62,-2.48%,9541274.33,10065444.74,-5.21%,3101567.8,2923099.0,+6.11%,53680.61,165757.55,-67.61%,0.016,1.6225
SIFC,Shree Investment Finance,Finance,512.00,5.12 Ar,+0.43%,-0.04%,+1.96%,-4.35%,-1.06%,-1.07%,3.38,151.41,3.68,531898.04,366480.49,+45.14%,166005.04,114969.53,+44.39%,25360.88,12163.54,+108.50%,3.38,2.43,+39.00%,139.08,136.25,+2.08%,10435093.8,10168408.49,+2.62%,9044250.37,8805952.91,+2.71%,1000000.0,1000000.0,0.00%,390843.42,362455.58,+7.83%,0.0243,6.5027
SIGS3,Siddhartha Investment Growth Scheme 3,Mutual Fund,10.57,85.17 Cr,-0.75%,+1.43%,+1.43%,+0.28%,+11.65%,+56.13%,,,,,,,,,,,,,,,,,,,,,,,,,,,,,,,,
SIKLES,,,564.50,4.80 Ar,+0.80%,0.00%,+2.75%,-3.61%,-32.69%,+108.28%,14.07,40.12,4.95,,,,,,,,,,,,,,,,,,,,,,,,,,,,,
SINDU,,,684.00,3.81 Ar,+0.59%,-2.86%,+1.03%,-3.68%,-13.70%,+28.54%,0.18,3807.11,7.06,,,,,,,,,,,,,,,,,,,,,,,,,,,,,
SIPD,Shikhar Power Development Limited,Hydro Power,669.00,6.56 Ar,-1.62%,-1.45%,+18.30%,-16.67%,+117.46%,+117.46%,-7.73,-86.51,7.14,35674.54,25487.33,+39.97%,27223.46,23271.72,+16.98%,-75784.4,-48664.51,+55.73%,-7.73,-6.62,+16.80%,93.72,96.58,-2.97%,1591075.81,1619186.25,-1.74%,672640.42,672679.32,-0.01%,980000.0,980000.0,0.00%,-61564.61,-33493.07,+83.81%,-0.0825,0.7324
SJCL,Sanjen Jalavidhyut Company Limited,Hydro Power,269.89,9.85 Ar,-0.08%,-0.88%,+0.78%,-12.50%,-13.68%,-45.32%,2.25,120.17,3.22,,,,,,,,,,,,,,,,,,,,,,,,,,,,,
SJLIC,,,414.50,20.77 Ar,-0.12%,+0.19%,+2.42%,-3.53%,-2.73%,-40.05%,7.59,54.64,3.7,17099064.74,11597095.5,+47.44%,2214302.61,1439448.93,+53.83%,380219.38,330332.7,+15.10%,7.59,8.79,-13.67%,122.68,125.49,-2.24%,60956907.83,56130941.81,+8.60%,54808321.76,49841684.98,+9.96%,5011947.8,5011947.8,0.00%,609241.87,534025.02,+14.08%,0.0619,8.914
SKBBL,Sana Kisan Bikas Bank,Microcredit,749.80,32.34 Ar,+0.42%,-0.51%,+0.36%,-3.03%,-2.77%,-7.32%,13.26,56.56,3.38,2088375.42,1572681.95,+32.79%,1273970.4,964977.45,+32.02%,653145.93,483277.43,+35.15%,13.26,13.08,+1.36%,221.76,218.4,+1.54%,41996243.7,40644376.51,+3.33%,31069528.19,29883277.23,+3.97%,4927170.08,4927170.08,0.00%,5999545.43,5833929.2,+2.84%,0.0598,2.8434
SKHEL,Suryakunda Hydro Electric Limited,Hydro Power,980.00,6.76 Ar,+1.03%,-1.92%,+12.53%,-24.22%,+210.20%,+210.20%,-4.81,-203.63,10.84,228147.94,171683.76,+32.89%,201548.83,152905.16,+31.81%,-33191.18,-22608.47,+46.81%,-4.81,-4.37,+10.11%,90.38,91.92,-1.67%,2457998.96,2437335.99,+0.85%,1834658.71,1803399.5,+1.73%,689674.4,689674.4,0.00%,-66334.15,-55737.91,+19.01%,-0.0532,2.9433
SKHL,Super Khudi Hydropower Limited,Hydro Power,870.00,13.48 Ar,-12.83%,+12.13%,+19.15%,+12.64%,+202.42%,+202.42%,19.1,45.56,5.99,0.0,0.0,0.00%,0.0,0.0,0.00%,295976.51,181775.16,+62.83%,19.1,15.64,+22.12%,145.29,138.19,+5.14%,6397469.23,5536003.34,+15.56%,4145499.14,3394052.75,+22.14%,1550000.0,1550000.0,0.00%,701970.09,591950.58,+18.59%,0.1315,1.8408
SLBBL,Swarojgar Laghu Bitta Bikas Bank,Microcredit,802.00,6.29 Ar,-0.99%,+1.47%,+3.05%,-1.18%,-6.92%,+10.40%,34.8,23.04,4.68,1413215.93,1023814.32,+38.03%,758698.11,538381.84,+40.92%,311723.77,210230.76,+48.28%,34.8,31.3,+11.21%,171.23,160.03,+7.00%,11863808.16,11408646.11,+3.99%,10330212.3,9975367.56,+3.56%,895633.63,895633.63,0.00%,637962.23,537644.92,+18.66%,0.2032,6.7359
SLBSL,Samudayik Laghubitta Bittiya Sanstha Limited,Microcredit,945.90,1.62 Ar,-0.20%,-5.13%,-20.82%,-21.02%,-37.08%,-33.97%,39.68,23.84,6.91,230505.24,154005.25,+49.67%,129853.59,86884.87,+49.45%,50835.59,33314.89,+52.59%,39.68,39.01,+1.73%,136.91,97.12,+40.97%,2372574.65,2488221.66,-4.65%,2138731.6,2322337.32,-7.91%,170805.0,170805.0,0.00%,63038.06,-4920.67,"-1,381.09%",0.2898,9.146
SLCF,Sanima Large Cap Fund,Mutual Fund,9.69,1.16 Ar,-3.10%,+5.37%,+1.01%,+0.10%,+6.22%,+18.39%,,,,,,,,,,,,,,,,,,,,,,,,,,,,,,,,
SMATA,Samata Gharelu Laghubitta Bittiya Sanstha Limited,Microcredit,722.00,4.54 Ar,-0.82%,-0.55%,-0.55%,-5.22%,-24.12%,-29.18%,18.04,40.02,4.98,814820.63,592750.76,+37.46%,471860.1,341320.02,+38.25%,119170.18,82307.53,+44.79%,18.04,16.62,+8.59%,145.11,139.56,+3.98%,7373423.65,7136080.91,+3.33%,6414954.13,6214270.37,+3.23%,660504.14,660504.14,0.00%,297965.38,261306.4,+14.03%,0.1243,6.6929
SMB,Support Microfinance Bittiya Sanstha Ltd.,Microcredit,"1,827.90",2.24 Ar,+0.32%,+1.22%,+1.22%,+5.87%,-13.79%,+32.97%,56.82,32.17,8.91,307760.87,225702.88,+36.36%,184945.86,134079.81,+37.94%,76184.95,46784.43,+62.84%,56.82,46.53,+22.13%,205.13,183.37,+11.87%,2353888.54,2309946.02,+1.90%,2078864.21,2064092.25,+0.72%,134075.58,134075.58,0.00%,140948.75,111778.2,+26.10%,0.277,7.5588
SMFBS,Swabhimaan Laghubitta Bittiya Sanstha Ltd,Microcredit,"1,477.00",2.27 Ar,+1.86%,-4.92%,-8.23%,-6.75%,-21.21%,-9.32%,33.77,43.74,7.48,,,,,,,,,,,,,,215.59,-8.39%,3250683.93,3361080.06,-3.28%,2947625.84,3030260.39,-2.73%,153445.51,153445.51,0.00%,149612.58,177374.16,-15.65%,,9.7263
SMH,Super Mai Hydropower Limited,Hydro Power,512.00,2.74 Ar,+0.39%,+0.20%,+4.08%,-9.73%,-27.82%,+53.24%,9.42,54.36,3.91,138409.18,93826.04,+47.52%,119462.93,80918.62,+47.63%,37792.06,27270.74,+38.58%,9.42,10.19,-7.61%,130.95,128.99,+1.52%,1364771.69,1343849.89,+1.56%,664172.72,653772.25,+1.59%,535000.0,535000.0,0.00%,165598.97,155077.65,+6.78%,0.0719,0.948
SMHL,Super Madi Hydropower Limited,Hydro Power,496.00,10.94 Ar,0.00%,+0.59%,+9.01%,0.00%,-48.10%,+67.18%,18.4,26.96,4.15,1330432.29,936435.75,+42.07%,1299931.55,885282.91,+46.84%,425993.1,244182.51,+74.46%,18.4,14.06,+30.84%,119.5,111.65,+7.03%,9613485.99,9647551.38,-0.35%,6846803.75,7062679.68,-3.06%,2315250.0,2315250.0,0.00%,451432.24,269621.7,+67.43%,0.154,2.4747
SMJC,,,432.20,5.07 Ar,-1.32%,-2.65%,+1.88%,-3.52%,-24.30%,+35.00%,3.78,114.23,3.94,,,,,,,,,,,,+24.08%,109.59,108.09,+1.38%,2586660.14,2461554.34,+5.08%,1300958.9,1193411.58,+9.01%,1173200.0,1173200.0,0.00%,112501.23,94942.77,+18.49%,0.0345,1.0119
SMPDA,Sampada Laghubitta Bittiya Sanstha Limited,Microcredit,753.00,5.28 Ar,+0.41%,-0.01%,+0.13%,-11.57%,-28.62%,-39.93%,32.52,23.16,4.33,1422209.52,1009153.77,+40.93%,847098.48,571152.66,+48.31%,227902.85,132475.74,+72.03%,32.52,25.2,+29.03%,173.92,160.04,+8.67%,10830454.43,10965801.95,-1.23%,9611539.94,9844118.18,-2.36%,700858.35,700858.35,0.00%,518056.14,420825.43,+23.10%,0.187,7.8853
SNLI,Sun Nepal Life Insurance Company Limited,Life Insurance,411.00,20.68 Ar,+0.56%,-1.59%,-3.15%,-9.18%,-5.03%,+38.28%,8.58,47.89,3.88,4168670.89,2860402.78,+45.74%,994102.52,869606.68,+14.32%,340023.15,285415.4,+19.13%,8.58,11.35,-24.36%,141.38,147.28,-4.01%,19623988.16,18790573.9,+4.44%,12155219.38,11380411.97,+6.81%,5282793.6,5031232.0,+5.00%,306409.62,548529.23,-44.14%,0.0607,1.6275
,,,NaN,8.39 Ar,-0.33%,+1.86%,+15.13%,+161.43%,+161.43%,+161.43%,11.93,75.04,7.98,,,,,,,,,,,,,,,,,,,,,,,,,,,,,
SOHL,,,671.00,67.10 Ar,-1.32%,+2.72%,+28.79%,-2.86%,+106.06%,+106.06%,11.14,60.24,4.86,,,,,,,,,,,,,,,,,,,,,,,,,,,,,
SONA,,,403.00,12.39 Ar,-0.74%,+0.74%,+1.47%,-8.14%,-10.32%,+28.89%,9.81,41.1,2.04,,,,,,,,,,,,,,,,,,,,,,,,,,,,,
SOPL,Sopan Pharmaceuticals Limited,Manufacturing And Processing,796.00,13.66 Ar,-1.12%,+0.62%,+7.19%,+164.72%,+164.72%,+164.72%,,,,,,,,,,,,,,,,,,,,,,,,,,,,,,,,
SPC,,,418.50,2.09 Ar,+0.12%,-0.48%,+0.72%,-10.66%,-21.62%,+30.42%,3.97,105.42,3.81,,,,,,,,,,,,,,,,,,,,,,,,,,,,,
SPDL,Synergy Power Development Ltd.,Hydro Power,372.00,4.50 Ar,-0.80%,+3.48%,+4.17%,-6.25%,+1.53%,-12.46%,6.05,61.5,3.41,230469.11,162269.05,+42.03%,213627.76,152521.47,+40.06%,80495.39,53236.54,+51.20%,6.05,5.33,+13.40%,109.19,107.18,+1.88%,1795359.64,1762872.73,+1.84%,342254.64,336525.0,+1.70%,1330848.75,1330848.75,0.00%,122256.25,95498.98,+28.02%,0.0554,0.2355
SPHL,Sayapatri Hydropower Limited,Hydro Power,532.00,1.60 Ar,+0.24%,+2.06%,-0.76%,+3.25%,-12.76%,+147.76%,5.05,105.25,5.62,46523.37,40412.7,+15.12%,42354.42,37259.78,+13.67%,11372.97,15865.81,-28.32%,5.05,10.58,-52.21%,94.63,96.13,-1.56%,517094.16,526996.4,-1.88%,233192.26,238601.67,-2.27%,300000.0,300000.0,0.00%,-16098.1,-11605.27,+38.71%,0.0534,0.8214
,,,NaN,NaN,,+1.57%,+1.16%,-2.27%,-11.61%,-24.01%,1.91,365.34,1.35,,,,,,,,,,,,,,,,,,,,,,,,,,,,,
SPL,Shuvam Power Limited,Hydro Power,658.00,1.32 Ar,+3.04%,-3.68%,-1.72%,-12.04%,-30.30%,+119.07%,5.29,124.41,6.5,20486.45,15701.77,+30.47%,16532.23,12897.86,+28.18%,10578.04,12233.32,-13.53%,5.29,8.16,-35.15%,101.23,101.11,+0.11%,237494.83,240306.75,-1.17%,35043.79,38083.95,-7.98%,200000.0,200000.0,0.00%,2451.04,2222.8,+10.27%,0.0523,0.1731
SRLI,,,370.50,18.58 Ar,-0.38%,-0.83%,+1.34%,-4.88%,-5.71%,+36.91%,7.65,48.4,3.46,,,,,,,,,,,,,,,,,,,,,,,,,,,,,
SSHL,Shiva Shree Hydropower Ltd,Hydro Power,204.60,3.02 Ar,-0.87%,+1.93%,+7.39%,-3.55%,+6.69%,-25.49%,-4.03,-50.72,3.87,375129.34,320610.66,+17.00%,363091.89,312874.56,+16.05%,-119110.37,-68890.55,+72.90%,-4.03,-3.11,+29.67%,52.89,54.59,-3.12%,4917861.5,4953418.78,-0.72%,3356177.72,3341515.19,+0.44%,2952800.0,2952800.0,0.00%,-1391116.22,-1340896.41,+3.75%,-0.0762,2.1491
STC,,Trading,"5,200.00",16.68 Ar,0.00%,0.00%,+2.97%,-3.89%,+9.97%,-3.11%,36.19,143.67,10.44,,,,,,,,,,,,,,,,,,,,,,,,,,,,,
SWASTIK,Swastik Laghubitta Bittiya Sanstha Limited,Microcredit,"2,000.00",1.16 Ar,-0.74%,-0.49%,+1.46%,-16.53%,+394.60%,+394.60%,21.33,93.75,12.58,72913.39,52195.05,+39.69%,42129.68,31261.16,+34.77%,9240.49,8356.15,+10.58%,21.33,28.94,-26.28%,158.94,157.58,+0.86%,757323.68,730034.06,+3.74%,665536.56,639033.99,+4.15%,57750.0,57750.0,0.00%,34037.12,33250.07,+2.37%,0.1342,7.2509
SWBBL,Swabalamban Bikas Bank,Microcredit,674.20,11.17 Ar,+0.33%,-0.15%,+1.82%,-9.92%,-22.10%,-35.11%,24.59,27.42,2.98,2569172.06,1717295.98,+49.61%,1411465.93,950775.51,+48.45%,322725.55,172629.25,+86.95%,24.59,19.73,+24.63%,226.59,218.53,+3.69%,26606639.95,25236019.48,+5.43%,22641328.6,21411710.27,+5.74%,1750000.0,1750000.0,0.00%,2215311.35,2074309.22,+6.80%,0.1085,5.7098
SWMF,,,615.00,6.80 Ar,+0.16%,+0.66%,+0.84%,-7.53%,-18.04%,-42.29%,19.69,31.23,3.96,1745722.05,1206743.43,+44.66%,1011181.45,660545.98,+53.08%,217849.11,189376.76,+15.03%,19.69,22.82,-13.72%,155.26,152.82,+1.59%,13210267.62,13037997.22,+1.32%,11492651.77,11347319.34,+1.28%,1106286.3,1106286.3,0.00%,611329.55,584391.58,+4.61%,0.1268,6.691
SYPNL,SY Panel Nepal Limited,Manufacturing And Processing,"1,293.00",16.91 Ar,-0.54%,+1.56%,+0.85%,-16.61%,+269.63%,+269.63%,5.16,250.52,11.57,815901.29,532575.49,+53.20%,295611.36,179652.52,+64.55%,67516.49,30219.74,+123.42%,5.16,3.08,+67.56%,111.78,108.94,+2.61%,1734566.35,1716943.48,+1.03%,272282.01,291410.93,-6.56%,1308136.1,1308136.1,0.00%,154148.24,116896.18,+31.87%,0.0462,0.1862
TAMOR,,,457.00,15.23 Ar,+0.88%,+0.67%,+4.86%,+2.67%,-11.17%,+39.60%,18.73,24.39,3.55,,,,,,,,,,,,,,,,,,,,,,,,,,,,,
TPC,Terhathum Power Company Limited,Hydro Power,363.40,2.91 Ar,+0.33%,+0.53%,+4.62%,-1.84%,-1.89%,+101.67%,11.17,32.54,3.51,182612.26,130443.86,+39.99%,124604.16,89377.58,+39.41%,89339.14,62947.97,+41.93%,11.17,10.49,+6.44%,103.64,100.45,+3.17%,1176004.35,1198513.28,-1.88%,346909.94,394916.64,-12.16%,800000.0,800000.0,0.00%,29094.41,3596.63,+708.93%,0.1078,0.4184
TPKHL,Taksar Pikhuwa Khola Hydropower Limited,Hydro Power,542.00,6.50 Ar,0.00%,-1.81%,+9.94%,+57.10%,+57.10%,+57.10%,2.96,182.82,5.29,250247.77,193768.84,+29.15%,233612.87,170423.5,+37.08%,35575.68,30345.11,+17.24%,2.96,5.21,-43.07%,102.44,104.03,-1.53%,2086644.42,2038232.19,+2.38%,857316.71,1229983.12,-30.30%,1200000.0,776933.2,+54.45%,29327.7,31315.87,-6.35%,0.0289,0.6974
TRH,Taragaon Regency Hotel,Hotels,840.00,16.48 Ar,+0.60%,+5.43%,+7.88%,+9.70%,-10.65%,+112.81%,-35.97,-23.35,7.08,416221.93,235174.53,+76.98%,77984.81,-68473.32,-213.89%,-705788.59,-144831.73,+387.32%,-35.97,-9.84,+265.49%,118.71,147.3,-19.41%,3601445.93,4102545.77,-12.21%,1272296.16,1212439.14,+4.94%,1962120.16,1962120.16,0.00%,367029.61,927986.46,-60.45%,-0.303,0.5462
TSHL,Three Star Hydropower Limited,Hydro Power,361.00,1.78 Ar,-1.90%,-1.13%,+11.85%,-39.17%,-54.91%,+31.19%,-6.4,-56.4,5.87,135868.57,98028.85,+38.60%,119131.66,54602.21,+118.18%,-31523.66,-33911.15,-7.04%,-6.4,-9.18,-30.28%,61.47,60.99,+0.79%,1414217.91,1348289.69,+4.89%,1111464.54,1047923.79,+6.06%,492500.0,492500.0,0.00%,-189746.63,-192134.11,-1.24%,-0.1041,3.6712
TTL,Trade Tower Limited,Trading,714.00,5.82 Ar,+0.17%,-0.46%,+1.97%,-11.01%,-25.93%,+77.01%,2.45,291.02,6.73,,,,,,,,,,,,,,,,,,,,,,,,,,,,,
TVCL,Trishuli Jal Vidhyut Company Limited,Hydro Power,475.00,8.80 Ar,+0.61%,-0.63%,+2.39%,-10.08%,-2.06%,+60.14%,-7.36,-64.55,6.24,0.0,0.0,0.00%,0.0,0.0,0.00%,-131655.36,-94033.04,+40.01%,-7.36,-7.01,+5.01%,76.12,78.22,-2.69%,8355917.38,7763608.88,+7.63%,6994040.21,6364109.39,+9.90%,1789162.77,1789162.77,0.00%,-427285.6,-389663.28,+9.66%,-0.0967,5.1356
UAIL,United Ajod Insurance Limited,Non Life Insurance,435.60,10.06 Ar,-0.11%,-1.20%,+2.13%,+3.18%,-10.07%,-20.01%,2.73,159.47,1.65,1805210.21,1262868.41,+42.95%,743980.46,371348.1,+100.35%,63099.83,-69790.49,-190.41%,2.73,-4.03,-167.81%,188.01,174.73,+7.60%,9053967.9,7822137.16,+15.75%,4710849.31,3785778.19,+24.44%,2310000.0,2310000.0,0.00%,143910.18,54977.97,+161.76%,0.0145,1.0847
UHEWA,,,628.90,3.14 Ar,-0.65%,+10.70%,+14.05%,+11.82%,+25.42%,+408.99%,18.91,33.27,5.24,,,,,,,,,,,,,,,,,,,,912730.87,+0.59%,575000.0,575000.0,0.00%,114925.46,86084.63,+33.50%,,
ULBSL,,,"2,745.00",2.91 Ar,-0.11%,+1.76%,-3.21%,-7.01%,-22.16%,+253.10%,38.5,71.29,9.91,,,,,,,,,,,,,,,,,3159044.49,+4.38%,3003444.68,2866785.94,+4.77%,106148.2,106148.2,0.00%,187839.27,186110.35,+0.93%,,
ULHC,Upper Lohore Khola Hydropower Company Limited,Hydro Power,342.00,1.74 Ar,-4.74%,-11.84%,-2.68%,-27.18%,-26.04%,+35.98%,-5.69,-60.08,3.86,69820.76,56219.68,+24.19%,53212.4,42369.78,+25.59%,-29018.59,-4127.97,+602.97%,-5.69,-1.08,+427.23%,88.51,93.5,-5.34%,1189910.0,1214930.15,-2.06%,738700.01,682509.45,+8.23%,509804.0,509804.0,0.00%,-58594.01,-33128.39,+76.87%,-0.0643,1.6372
UMHL,United Modi Hydropower,Hydro Power,585.00,7.20 Ar,+0.69%,-0.19%,+1.24%,+4.12%,+3.02%,+27.68%,5.74,101.93,5.52,282985.0,215298.0,+31.44%,267858.0,201008.0,+33.26%,75562.0,50245.0,+50.39%,5.74,5.44,+5.41%,105.98,111.68,-5.10%,2210594.0,2177697.0,+1.51%,815584.0,803471.0,+1.51%,1316635.0,1230500.0,+7.00%,78735.0,143728.0,-45.22%,0.0542,0.5846
UMRH,United IDI Mardi RB Hydropower Limited,Hydro Power,528.50,2.44 Ar,-0.66%,-0.58%,+3.06%,-0.04%,-11.10%,-5.89%,11.53,45.85,4.72,180288.54,159856.26,+12.78%,157112.38,140587.04,+11.75%,55777.8,69508.4,-19.75%,11.53,19.15,-39.82%,112.0,114.84,-2.47%,1404031.95,1431564.61,-1.92%,862097.82,875899.88,-1.58%,483865.2,483865.2,0.00%,58068.94,71799.54,-19.12%,0.1029,1.5908
UNHPL,Union Hydropower Limited,Hydro Power,374.00,2.81 Ar,-1.32%,0.00%,-1.28%,-21.04%,-0.49%,-22.81%,4.36,85.84,3.56,,,,,,,,,,,,,,,,,,,,,,,,,,,,,
UNL,Unilever Nepal,Manufacturing And Processing,"47,400.00",43.64 Ar,-0.63%,-1.65%,+2.46%,+2.58%,+5.31%,+185.69%,1712.27,27.68,8.56,8036200.0,5762300.0,+39.46%,4118200.0,2999500.0,+37.30%,1577000.0,1186100.0,+32.96%,1712.27,1717.12,-0.28%,5537.13,5114.98,+8.25%,7729400.0,7297100.0,+5.92%,2629900.0,2586400.0,+1.68%,92100.0,92100.0,0.00%,5007600.0,4618800.0,+8.42%,0.3092,0.5157
UNLB,Unique Nepal Laghubitta Bittiya Sanstha Limited,Microcredit,"1,262.90",1.88 Ar,-0.55%,+0.95%,-1.32%,-12.42%,-44.45%,+28.35%,34.39,36.72,5.1,510745.66,376116.13,+35.79%,261372.0,191525.95,+36.47%,51097.79,13533.87,+277.55%,34.39,12.15,+183.17%,247.59,222.36,+11.34%,3873077.76,3756779.46,+3.10%,3505222.28,3426404.87,+2.30%,148575.0,148575.0,0.00%,219280.49,181799.59,+20.62%,0.1389,9.5288
UPCL,,,348.00,7.93 Ar,-0.14%,-0.71%,-2.92%,-6.01%,-4.62%,-19.21%,1.13,309.22,3.17,,,,,,+31.66%,27968.11,20506.23,+36.39%,1.13,1.1,+2.29%,109.67,114.95,-4.59%,4245653.64,4407679.28,-3.68%,1520221.61,1551003.58,-1.98%,2485123.62,2485123.62,0.00%,240308.41,371552.09,-35.32%,0.0103,0.5578
UPPER,,,193.50,40.98 Ar,0.00%,-0.31%,+2.33%,-5.75%,-1.56%,-57.93%,4.37,44.26,4.35,,,,,,,,,,,,,,,,,,,,,,,,,,,,,
USHEC,,,501.20,6.77 Ar,+0.24%,+0.79%,+3.95%,+1.42%,+7.00%,+40.06%,15.46,32.41,4.21,,,,,,,,,,,,,,,,,,,,,,,,,,,,,
USHL,Upper Syange Hydropower Limited,Hydro Power,543.00,1.19 Ar,+0.95%,-0.20%,+12.06%,-14.46%,-18.95%,+92.86%,5.2,104.36,5.67,55301.0,38391.41,+44.05%,53024.6,37143.36,+42.76%,8585.48,5089.64,+68.69%,5.2,4.63,+12.46%,95.74,94.15,+1.69%,595614.96,626978.76,-5.00%,384993.73,419853.4,-8.30%,220000.0,220000.0,0.00%,-9378.77,-12874.61,-27.15%,0.0543,1.8279
USLB,Unnati Sahakarya Laghubitta Bittiya Sanstha Limited,Microcredit,"1,121.00",2.77 Ar,-0.04%,-1.51%,-4.06%,-11.34%,-46.60%,-35.62%,23.94,46.82,6.64,,,,,,,,,,,,,,,,,,,,,,,,,,,,,
VLBS,,,658.00,4.90 Ar,-0.02%,-1.04%,+0.15%,-6.45%,-24.81%,-49.88%,24.78,26.56,3.79,,,,,,,,,,,,,,,,,,,,,,,,,,,,,
VLUCL,,,413.00,7.90 Ar,0.00%,-1.43%,-2.59%,-14.12%,-31.46%,+2.79%,4.73,87.32,3.0,,,,,,,,,,,,,,,,,,,,,,,,,,,,,
WNLB,Wean Nepal Laghubitta Bittiya Sanstha Limited,Microcredit,"1,301.00",1.10 Ar,-2.33%,-0.22%,-0.60%,-8.77%,-39.42%,+59.39%,9.89,131.52,9.95,116663.77,87301.24,+33.63%,64143.12,47267.12,+35.70%,8342.75,8604.36,-3.04%,9.89,13.6,-27.28%,130.74,131.8,-0.81%,981258.32,989816.29,-0.86%,870994.03,878654.56,-0.87%,84340.55,84340.55,0.00%,25923.73,26821.19,-3.35%,0.0756,7.8991
YMHL,,Hydro Power,623.00,4.36 Ar,0.00%,-2.61%,+12.03%,+80.58%,+80.58%,+80.58%,-16.04,-38.84,6.67,180118.75,148767.45,+21.07%,142611.8,134210.72,+6.26%,-112279.3,-84564.96,+32.77%,-16.04,-26.85,-40.25%,93.47,99.71,-6.25%,1861868.21,1870463.04,-0.46%,1215811.44,1459938.94,-16.72%,700000.0,420000.0,+66.67%,-45683.28,-1215.96,"+3,656.98%",-0.1716,1.8819
